"Region","Country","timePeriod","stability","production","areaHarvested","asynchrony","diversity","soilQuality","soilDiversity","fertilizer","irrigation","instabilityTemp","instabilityPrec"
"AT11","AT",1978,8.22045238886395,613645100000,47240,0.42242742122756,1.34515612958601,6.14781940616606,3.55085093093742,0.097097952196792,0.84,-17.0566321318363,-6.93856293742912
"AT21","AT",1978,14.0065992679814,238858100000,18470,0.233605036126309,1.51427289001824,6.1557209532695,1.68609751867314,0.097097952196792,0.84,-15.3253170596727,-8.09925788666765
"AT34","AT",1978,6.1389213542286,4520100000,330,0.375208125305728,1.90791843029463,7.36314995096605,4.03424144807854,0.097097952196792,0.84,-10.9798012754953,-9.93541049080316
"AT31","AT",1978,10.5758427519683,870427200000,62610,0.424301720482086,1.59040833596909,6.18156929173837,4.75787789124968,0.097097952196792,0.84,-15.85886482854,-8.48198333129585
"AT12","AT",1978,11.7415760019839,3220394700000,231760,0.452646857289489,1.53377108828879,6.60870476495298,4.67140492257688,0.097097952196792,0.84,-14.1327206122857,-7.32293707537657
"AT33","AT",1978,9.16500581034003,46745800000,3130,0.0513403164446425,1.9728116648736,6.43639099921982,3.32442390128295,0.097097952196792,0.84,-9.43107673311664,-8.38806117657543
"AT32","AT",1978,15.8530994231632,26214300000,2210,0.227188419692293,1.74446141671572,5.92322032305659,4.28678538216904,0.097097952196792,0.84,-9.9831596119865,-8.26506038594466
"AT22","AT",1978,11.4996338064211,364519600000,27520,0.335148214128549,1.5245248535435,5.9687601654526,4.28113553708045,0.097097952196792,0.84,-16.0395513393466,-8.75649829211203
"AT21","AT",1988,11.1898488246487,186082700000,13450,0.257897640331672,1.49020499195869,6.1557209532695,1.68609751867314,0.0853992294406802,2.73,-11.6690253126903,-12.0367074173116
"AT11","AT",1988,7.56386485699526,647517600000,47170,0.536805317541508,2.38502433379242,6.14781940616606,3.55085093093742,0.0853992294406802,2.73,-12.6516152312042,-8.53699349768223
"AT33","AT",1988,20.7759896186424,28238900000,1840,0.846483881726789,1.97444331469086,6.43639099921982,3.32442390128295,0.0853992294406802,2.73,-8.90157558093948,-13.3941782910245
"AT32","AT",1988,13.0253951163112,20239500000,1540,0.499009539266384,1.618499661431,5.92322032305659,4.28678538216904,0.0853992294406802,2.73,-8.49783632314216,-13.506748679489
"AT34","AT",1988,8.85967735639093,3232400000,210,0.716656972324811,1.98898815748423,7.36314995096605,4.03424144807854,0.0853992294406802,2.73,-6.570691706934,-8.67435347858773
"AT12","AT",1988,20.1358953957943,3373017500000,228450,0.87854922124502,2.66428359920288,6.60870476495298,4.67140492257688,0.0853992294406802,2.73,-9.85412071791635,-10.3938979585225
"AT22","AT",1988,8.52170968648191,3.49735e+11,23590,0.347516081406178,1.48192630547063,5.9687601654526,4.28113553708045,0.0853992294406802,2.73,-10.5647872889329,-14.1381530367159
"AT31","AT",1988,12.3049163359045,1039405400000,65460,0.566007782689906,1.95752340436523,6.18156929173837,4.75787789124968,0.0853992294406802,2.73,-12.1685419108956,-11.9803490022599
"AT12","AT",1998,9.68566580775396,5670637400000,374580,0.430343918869803,3.87548977230901,6.60870476495298,4.67140492257688,0.0916921325650196,3.497,-17.9786627382251,-6.84422510498646
"AT11","AT",1998,7.9657886380506,1084422900000,83890,0.42527306395696,4.22784785326017,6.14781940616606,3.55085093093742,0.0916921325650196,3.497,-18.7856266409423,-8.2578938417949
"AT32","AT",1998,11.2518448272687,14520300000,1100,0.611663358077819,2.39422948594833,5.92322032305659,4.28678538216904,0.0916921325650196,3.497,-11.4287866745902,-13.3560899845242
"AT22","AT",1998,12.3536126671867,375414400000,24150,0.569669440864037,2.83205854052034,5.9687601654526,4.28113553708045,0.0916921325650196,3.497,-15.2809886917087,-11.0866144425406
"AT21","AT",1998,14.9247734107066,200966400000,14740,0.638248033066562,3.01454152556505,6.1557209532695,1.68609751867314,0.0916921325650196,3.497,-13.4255626738562,-9.05861035161629
"AT31","AT",1998,14.2170794079759,1967310600000,109460,0.398059765277737,3.32058750660958,6.18156929173837,4.75787789124968,0.0916921325650196,3.497,-18.9828101201217,-7.92216112650229
"AT33","AT",1998,14.368911361628,15801500000,1090,0.561021557183475,2.83242049761016,6.43639099921982,3.32442390128295,0.0916921325650196,3.497,-11.2498395830021,-8.54415451331836
"AT12","AT",2008,7.46783818888292,5812586870000,352821,0.264970103301564,4.08237790521517,6.60870476495298,4.67140492257688,0.0717711103723404,4.15555555555556,-14.3781280437902,-6.45340144392626
"AT31","AT",2008,15.4882551052484,2385274310000,119522,0.441826132706211,3.56062876046712,6.18156929173837,4.75787789124968,0.0717711103723404,4.15555555555556,-15.2091944537794,-8.07805699833242
"AT21","AT",2008,17.9285201212663,197648090000,12724,0.640957950530109,3.44257555036951,6.1557209532695,1.68609751867314,0.0717711103723404,4.15555555555556,-17.9092784360529,-7.68541628698487
"AT11","AT",2008,9.26601806638437,1155021990000,86452,0.534607334204191,4.2152440196289,6.14781940616606,3.55085093093742,0.0717711103723404,4.15555555555556,-18.8252577890753,-6.21323586218083
"AT33","AT",2008,22.1928303636989,12872390000,764,0.79787274038354,2.69348189711872,6.43639099921982,3.32442390128295,0.0717711103723404,4.15555555555556,-11.9214137018012,-10.9330605456949
"AT22","AT",2008,7.138696289195,372107340000,20787,0.408787932556302,3.42601175762924,5.9687601654526,4.28113553708045,0.0717711103723404,4.15555555555556,-16.9076588083225,-7.44855750965115
"AT32","AT",2008,8.6616359321296,13852240000,891,0.357704233722533,2.47807125961017,5.92322032305659,4.28678538216904,0.0717711103723404,4.15555555555556,-10.6844393370026,-10.1288406901362
"BE21","BE",1978,17.9554955405291,72900400000,3850,0.712213517296349,3.85211896834474,5.86006566926131,2.15645293323039,0.246019106699752,1.01,-17.993320769408,-11.1423483528659
"BE25","BE",1978,12.1180687574973,1206888600000,59630,0.495739207263265,2.9077627655678,7.54047298114621,3.51549120995286,0.246019106699752,1.01,-20.9207578951304,-11.7305854097838
"BE22","BE",1978,12.9299102867325,327318500000,17290,0.30232732346321,2.29511370476794,7.53190446388844,3.42409481493019,0.246019106699752,1.01,-15.9971633499549,-9.19778441565317
"BE32","BE",1978,14.8329408374412,1611083700000,80240,0.52401830530144,2.43144022007516,8.18285922810079,2.22079765766443,0.246019106699752,1.01,-18.1639220171644,-10.1506554965361
"BE33","BE",1978,12.9762314170443,786049500000,38310,0.283919483820786,2.09749535179743,8.33972061837127,2.34638961530238,0.246019106699752,1.01,-14.1231027447743,-8.84704245874894
"BE34","BE",1978,7.07961455129466,212027200000,16350,0.262414403852147,2.4588884895056,7.23382253012107,2.22043513659671,0.246019106699752,1.01,-13.7095346465683,-8.99136016405266
"BE35","BE",1978,13.5869653833165,929059200000,52260,0.411604424664643,2.27553072642694,8.19755917078861,1.75674693215883,0.246019106699752,1.01,-15.2461848540879,-10.0828817013804
"BE23","BE",1978,18.9337381365035,628438600000,34000,0.588157520388535,2.90456967899171,7.56117319240092,3.05686230005569,0.246019106699752,1.01,-18.3401462330644,-11.1906678111579
"BE25","BE",1988,8.44243096870104,617119800000,25700,0.287872818707718,1.57610705255139,7.54047298114621,3.51549120995286,0.210040255742363,1.5,-15.8245062313188,-7.85679654434952
"BE32","BE",1988,7.98927387632889,574735100000,23590,0.5412690161798,2.13494106111701,8.18285922810079,2.22079765766443,0.210040255742363,1.5,-14.938292104791,-7.78421683093083
"BE21","BE",1988,6.18631734183167,43643500000,2000,0.38464910228408,1.79188246674682,5.86006566926131,2.15645293323039,0.210040255742363,1.5,-15.4940344925677,-6.56775872578971
"BE34","BE",1988,9.26987735743932,67304800000,4590,0.13049703963466,1.19433139292908,7.23382253012107,2.22043513659671,0.210040255742363,1.5,-12.8368586815749,-7.69208847606854
"BE33","BE",1988,12.0211755223373,2.70227e+11,11330,0.325414878302377,1.21195361583295,8.33972061837127,2.34638961530238,0.210040255742363,1.5,-14.1622401157853,-7.67481962219162
"BE35","BE",1988,8.47824381531552,371614600000,18190,0.277967594107992,1.63102727429727,8.19755917078861,1.75674693215883,0.210040255742363,1.5,-13.8731535028731,-6.76418250342332
"BE22","BE",1988,9.01309175738062,135024300000,6210,0.353429297674943,1.69688479064418,7.53190446388844,3.42409481493019,0.210040255742363,1.5,-15.0225595704412,-7.35175936552291
"BE23","BE",1988,10.5238397401225,324953200000,14150,0.313909257657213,1.91839800543309,7.56117319240092,3.05686230005569,0.210040255742363,1.5,-15.5594872793484,-6.51010236816752
"BE24","BE",1998,16.2248589237688,799809900000,29030,0.627006938338097,2.67999976082593,7.7760906065373,2.09083327191394,0.171497608325248,1.90375,-37.6244960038815,-5.5324237001061
"BE25","BE",1998,8.92672458849488,1518423100000,54240,0.501355640218363,2.6633371575686,7.54047298114621,3.51549120995286,0.171497608325248,1.90375,-56.9991335932923,-8.34701708003604
"BE32","BE",1998,15.8013311134597,2.218306e+12,80650,0.581794888854922,2.75038851168312,8.18285922810079,2.22079765766443,0.171497608325248,1.90375,-39.4159178308031,-6.82450077192111
"BE34","BE",1998,48.4029988542208,150513400000,8180,0.954713902476511,2.18152291224701,7.23382253012107,2.22043513659671,0.171497608325248,1.90375,-23.6145916013872,-5.20559642187129
"BE35","BE",1998,22.3885522241482,1328395800000,51560,0.721344749098436,2.60791451306022,8.19755917078861,1.75674693215883,0.171497608325248,1.90375,-28.7922706811956,-5.06629619473002
"BE21","BE",1998,13.7166481642014,114960100000,4300,0.715240555415781,2.45628287973303,5.86006566926131,2.15645293323039,0.171497608325248,1.90375,-37.5327819071013,-7.29958555766684
"BE22","BE",1998,37.6280597601309,3.96884e+11,13890,0.802111147661088,2.42162723815007,7.53190446388844,3.42409481493019,0.171497608325248,1.90375,-34.6912987277108,-7.89433591197619
"BE33","BE",1998,39.4376660152508,1050161300000,36770,0.892061238424732,2.7913570991369,8.33972061837127,2.34638961530238,0.171497608325248,1.90375,-27.1050063001732,-6.21849266591679
"BE23","BE",1998,10.8992863684947,720240800000,25630,0.628234740136447,2.89903777489121,7.56117319240092,3.05686230005569,0.171497608325248,1.90375,-44.7347862624858,-6.90343696843986
"BE33","BE",2008,13.3513963651618,201587980000,7604,0.591182597206577,1.76022978736318,8.33972061837127,2.34638961530238,0.19472926966754,1.57666666666667,-13.6774230455246,-9.44569532948246
"BE34","BE",2008,5.17312386117297,46383720000,2453,-2.22044604925031e-16,1,7.23382253012107,2.22043513659671,0.19472926966754,1.57666666666667,-12.4904439257948,-8.79052473038165
"BE24","BE",2008,15.410685628822,140485800000,5183,2.22044604925031e-16,1,7.7760906065373,2.09083327191394,0.19472926966754,1.57666666666667,-15.9011585135446,-8.14203765684293
"BE23","BE",2008,8.9271514169742,388701210000,13182,0.270157236234846,1.60217370994832,7.56117319240092,3.05686230005569,0.19472926966754,1.57666666666667,-15.4180682232007,-11.3037245623748
"BE22","BE",2008,9.38010551808034,72807600000,2672,1.11022302462516e-16,1,7.53190446388844,3.42409481493019,0.19472926966754,1.57666666666667,-15.0483511638553,-10.7396556462145
"BE25","BE",2008,3.26854703503857,660868610000,25434,0.0632293285584358,1.4657771724664,7.54047298114621,3.51549120995286,0.19472926966754,1.57666666666667,-15.4623341441053,-10.6361555869624
"BE35","BE",2008,13.1791087310081,549298790000,21933,0.542026709115389,2.72566409846094,8.19755917078861,1.75674693215883,0.19472926966754,1.57666666666667,-14.0345113236789,-8.12649663722008
"BE32","BE",2008,4.19893476069066,843948710000,31508,0.146210054593086,2.22610738596189,8.18285922810079,2.22079765766443,0.19472926966754,1.57666666666667,-15.3332347598426,-10.1705021537157
"BG34","BG",2008,6.08951133654085,1856725580000,240268,0.456445542394093,2.49286763201568,5.45372898408408,2.40410063165949,0.0847964312364626,2.40333333333333,-27.4143616683728,-4.37836826414236
"BG41","BG",2008,7.72208622316786,183763580000,30479,0.629914407837286,2.07562419442341,6.1405499736658,3.43853756517773,0.0847964312364626,2.40333333333333,-35.1937521464822,-5.34337195578633
"BG33","BG",2008,8.36251867371606,2239389200000,255176,0.631968053712384,2.17377520658945,6.61236812039282,3.22677685746455,0.0847964312364626,2.40333333333333,-29.2289381517067,-5.14078752091984
"BG31","BG",2008,8.32218989678988,2399512720000,276219,0.503370825975331,2.17742595618269,6.20901190841055,3.45768278585314,0.0847964312364626,2.40333333333333,-34.6618880774041,-4.53279134008668
"BG32","BG",2008,9.76532187075977,2273894980000,244755,0.405651006315659,2.26884689015929,6.44918831385241,4.54238216566621,0.0847964312364626,2.40333333333333,-27.7812404442655,-5.18037180559511
"BG42","BG",2008,6.59647356768104,638666520000,101838,0.532823354677231,2.1328258176468,5.363746308878,3.35093759651831,0.0847964312364626,2.40333333333333,-37.7651756149363,-4.4893814414769
"CY","CY",1988,3.48475697373508,587470600000,94600,0.22786446037471,3.31639531210559,2.66804356687908,4.29630117189715,0.0881886037987338,24.745,-39.862332863752,-3.13863358428177
"CY","CY",1998,3.47562549367355,465938130000,92294,0.293231245879319,3.99962340310323,2.66804356687908,4.29630117189715,0.056811946753159,29.098,-63.1934239041421,-5.25186565571382
"CY","CY",2008,3.35010917001254,335235870000,66027,0.420780257691626,6.9605384500092,2.66804356687908,4.29630117189715,0.0639004531491083,39.6022222222222,-59.4700589359571,-3.33058849393038
"CZ02","CZ",1998,9.03034540641936,5483727140000,356997,0.4448003198676,3.45214776393917,7.45561443337847,4.45181124629847,0.0694946109597336,0.966,-18.6031443596906,-5.63430902577919
"CZ04","CZ",1998,8.18842137302612,1960114040000,138634,0.525343327877245,3.21698178277176,7.25590926575012,3.66792348315113,0.0694946109597336,0.966,-19.201585835041,-5.98335411812165
"CZ03","CZ",1998,7.14170034332374,4371728880000,319209,0.24523545829953,2.83414711936106,7.19142907909815,1.59969841053047,0.0694946109597336,0.966,-17.9187002517687,-5.07744011283385
"CZ05","CZ",1998,9.29134876551375,3892832560000,245956,0.382238621082639,3.41448112935455,7.33772513580891,3.81942271677169,0.0694946109597336,0.966,-15.8069571251879,-8.17929142136557
"CZ06","CZ",1998,7.84730313636053,5763129020000,402664,0.468663015050305,3.33880758182833,7.48125786938567,2.28789574615918,0.0694946109597336,0.966,-16.2822345595312,-6.98159190276305
"CZ07","CZ",1998,9.35848191711068,3373866360000,198716,0.666205826148206,3.51130420385542,7.38938593878772,3.26199579817249,0.0694946109597336,0.966,-15.9840384806721,-6.61034102728736
"CZ08","CZ",1998,9.4726643564383,1412273420000,91294,0.437207874954991,3.34715263529019,7.10219549508762,1.98746012871371,0.0694946109597336,0.966,-16.1496761476034,-8.65195519862304
"CZ02","CZ",2008,11.500355722582,6483699110000,356671,0.481707131201063,3.62535674545504,7.45561443337847,4.45181124629847,0.107175385253265,0.862222222222222,-12.3555284785064,-7.25551386835851
"CZ03","CZ",2008,12.5597027026304,5034405240000,299525,0.524521273980545,3.35874554907745,7.19142907909815,1.59969841053047,0.107175385253265,0.862222222222222,-11.2711596649986,-9.02682065974056
"CZ06","CZ",2008,9.36077271718242,7403505520000,422450,0.420486046553754,4.15592337493049,7.48125786938567,2.28789574615918,0.107175385253265,0.862222222222222,-13.0398938848335,-6.51366460319019
"CZ04","CZ",2008,11.6848581369167,2595689210000,143055,0.504260440058475,3.39784845932255,7.25590926575012,3.66792348315113,0.107175385253265,0.862222222222222,-10.935399717891,-9.13819254503975
"CZ07","CZ",2008,12.0369100215687,3683499650000,194038,0.627685966566947,3.77583810727338,7.38938593878772,3.26199579817249,0.107175385253265,0.862222222222222,-13.113757366364,-6.10146285186067
"CZ05","CZ",2008,12.2128243846673,4435205350000,244342,0.578995108241203,3.64803421836646,7.33772513580891,3.81942271677169,0.107175385253265,0.862222222222222,-11.6196479226556,-7.11599252704236
"CZ08","CZ",2008,11.4346958390542,1488608640000,85638,0.548178668545722,3.68970221491051,7.10219549508762,1.98746012871371,0.107175385253265,0.862222222222222,-12.8109520728776,-5.39383303001951
"DE1","DE",1978,15.7183299852657,3529844500000,244780,0.606135802605509,1.86648121520157,6.61318228565447,6.88469387930725,0.176998877665544,2.533,-17.6264950885401,-11.1698628654739
"DEC","DE",1978,5.17251279284465,181550700000,13430,0.304059510130043,1.56811676688871,6.47447288174161,1.47136035037065,0.176998877665544,2.533,-18.2194970938465,-7.03357063526359
"DE9","DE",1978,19.1498615826119,13910464800000,726810,0.617435084637078,2.59928764789725,6.85439830740022,7.00457701907364,0.176998877665544,2.533,-13.7065277066652,-10.4772739063546
"DEA","DE",1978,20.6911011347579,6497008600000,390060,0.507797029565041,1.43197082445679,6.73673731754167,4.42946319809675,0.176998877665544,2.533,-15.7390787532986,-9.87660033831686
"DE2","DE",1978,12.5749243130406,9856120800000,660690,0.59696394648832,1.8711698831292,6.55238136884229,4.40998332042026,0.176998877665544,2.533,-15.0219339864061,-10.4667778877002
"DE7","DE",1978,15.1331056462091,3383165200000,188790,0.641056197165246,2.28066014851894,6.52194924665647,3.03323390128323,0.176998877665544,2.533,-15.2920683221459,-6.8415076978887
"DEB","DE",1978,11.6135272661176,2284693400000,160090,0.470061341135371,1.63880494294598,6.8067374005852,2.93206813595813,0.176998877665544,2.533,-16.7661989818066,-8.73526412180419
"DEF","DE",1978,11.6144131785701,4430596300000,249890,0.524567457085563,2.60080823664221,7.38990450969184,2.91457594921898,0.176998877665544,2.533,-12.9826375124702,-14.46240615071
"DEB","DE",1988,12.9625433229226,2611171500000,161640,0.435679891377414,1.88269600188383,6.8067374005852,2.93206813595813,0.153665168855457,2.765,-14.0681493865943,-7.3157200575022
"DEA","DE",1988,10.7197638713242,5884850300000,301880,0.409752546343539,1.99094642772286,6.73673731754167,4.42946319809675,0.153665168855457,2.765,-13.0900606426656,-7.15520955153485
"DE2","DE",1988,19.6098179791971,11804004200000,666840,0.719813090778861,2.15817355663036,6.55238136884229,4.40998332042026,0.153665168855457,2.765,-11.6217235977139,-8.91049639934569
"DEC","DE",1988,12.2700574452288,174474900000,11640,0.349437401786773,1.88680912661482,6.47447288174161,1.47136035037065,0.153665168855457,2.765,-15.6405847731724,-7.52249972454712
"DEF","DE",1988,9.30268486968224,4195526200000,201730,0.489548898963272,2.74188597145433,7.38990450969184,2.91457594921898,0.153665168855457,2.765,-11.7788530724008,-6.0518345166387
"DE1","DE",1988,11.7729171974459,4427540600000,260610,0.357101423750471,1.91257784359963,6.61318228565447,6.88469387930725,0.153665168855457,2.765,-13.6925172334022,-7.01796983382079
"DE7","DE",1988,17.2056336744531,3092165500000,175890,0.645500235219188,2.09966825593518,6.52194924665647,3.03323390128323,0.153665168855457,2.765,-12.4454120762997,-7.63091632920071
"DE9","DE",1988,15.8682703970627,14739947100000,668840,0.624076124086886,3.38740095058011,6.85439830740022,7.00457701907364,0.153665168855457,2.765,-11.0466739063959,-6.37269607533285
"DE2","DE",1998,11.3315354486883,22795374400000,1134090,0.311577794843218,3.25849397571349,6.55238136884229,4.40998332042026,0.150491037434575,2.948,-21.5558784475976,-6.67393377315625
"DE8","DE",1998,12.0162572779098,16161484700000,724490,0.407094061126442,3.49876330426577,6.53499970284345,2.71452241768448,0.150491037434575,2.948,-22.9660332572828,-6.27456345366096
"DEC","DE",1998,12.3988704257429,342991500000,18610,0.552937867418139,2.95111961357115,6.47447288174161,1.47136035037065,0.150491037434575,2.948,-28.6012292776357,-6.66801293718502
"DEA","DE",1998,15.4120752788855,13334056400000,546430,0.358263177846225,3.03768240284533,6.73673731754167,4.42946319809675,0.150491037434575,2.948,-29.7349184476717,-7.74041793011203
"DE4","DE",1998,6.11606230691268,6104542900000,357900,0.187524053691285,3.71470414521625,6.53335809048193,3.88454390592124,0.150491037434575,2.948,-21.5586808961054,-5.10729179243757
"DEB","DE",1998,14.4636926087069,4683860100000,242250,0.493912873061781,3.15604399296668,6.8067374005852,2.93206813595813,0.150491037434575,2.948,-28.9102771258591,-6.55639229289304
"DED","DE",1998,8.28404424296141,8629388700000,436640,0.101144484283124,3.23148512261511,6.87607681132383,2.25784076570839,0.150491037434575,2.948,-20.3791059542224,-6.38587564232649
"DE7","DE",1998,16.1847889036477,6860442900000,315580,0.370349163958908,3.03018112307949,6.52194924665647,3.03323390128323,0.150491037434575,2.948,-31.2934183725287,-6.62032753023894
"DEF","DE",1998,13.2600952128487,9748641300000,379360,0.570833011073208,2.91857536312648,7.38990450969184,2.91457594921898,0.150491037434575,2.948,-24.2172284899647,-5.99353934346937
"DEE","DE",1998,10.5425334915442,1.2994594e+13,592640,0.215417256558516,3.00373084412885,6.9826151001695,4.82659973460109,0.150491037434575,2.948,-24.9236349638313,-4.8983922799473
"DEG","DE",1998,12.0143376509043,9247227400000,446730,0.243015808131875,3.05602037107189,6.98896018637258,4.06979489492281,0.150491037434575,2.948,-23.8218496860311,-5.89753446182457
"DE9","DE",1998,12.1443049693554,21675887700000,919930,0.364287507447657,3.44394456047281,6.85439830740022,7.00457701907364,0.150491037434575,2.948,-26.7119981260236,-5.87376510412497
"DEB","DE",2008,11.5695066722801,5208946070000,246212,0.274062043717012,3.11580776172286,6.8067374005852,2.93206813595813,0.137352081484369,3.96,-13.9557694280745,-10.8365330108185
"DE4","DE",2008,7.54137802806936,7562548060000,396913,0.22165579360324,3.56712717754624,6.53335809048193,3.88454390592124,0.137352081484369,3.96,-12.2465283047342,-8.69536075643993
"DEE","DE",2008,12.609805303959,11784482640000,464873,0.231962886852391,2.13469529237017,6.9826151001695,4.82659973460109,0.137352081484369,3.96,-11.5712394374528,-7.8304178299033
"DE2","DE",2008,15.2982065659966,23729783270000,1064877,0.375465397703707,3.00270345637766,6.55238136884229,4.40998332042026,0.137352081484369,3.96,-12.9582124476785,-12.8863854580448
"DE7","DE",2008,12.2331260501136,7343139980000,318049,0.437923635254923,2.93312560191928,6.52194924665647,3.03323390128323,0.137352081484369,3.96,-13.0492822005063,-11.2213605114336
"DEF","DE",2008,5.43101453886765,1876765820000,69533,0.0350533724473271,1.32249400976358,7.38990450969184,2.91457594921898,0.137352081484369,3.96,-11.4728421953678,-11.9053401839424
"DE8","DE",2008,7.89657314605706,16557307490000,717481,0.216237442819056,2.99260692865729,6.53499970284345,2.71452241768448,0.137352081484369,3.96,-12.5525380378136,-7.98880369144503
"DE1","DE",2008,14.0731065174093,10175516920000,456794,0.317298116294938,2.79762535357989,6.61318228565447,6.88469387930725,0.137352081484369,3.96,-14.4675504444795,-11.3033325947937
"DE9","DE",2008,13.3181050597733,21730570120000,846458,0.403366551157318,3.43649728181272,6.85439830740022,7.00457701907364,0.137352081484369,3.96,-12.4106027959549,-12.0468981765463
"DEA","DE",2008,15.1902174523526,13964758220000,532805,0.400225188053738,3.05945711409161,6.73673731754167,4.42946319809675,0.137352081484369,3.96,-13.8048236964853,-17.4059196782744
"DED","DE",2008,11.0305859744856,10077362450000,454406,0.34374750822621,3.18707862875023,6.87607681132383,2.25784076570839,0.137352081484369,3.96,-10.9703278770186,-8.67188300202687
"DEC","DE",2008,14.4522137404748,290246320000,14264,0.31447474118902,1.96506813815158,6.47447288174161,1.47136035037065,0.137352081484369,3.96,-15.1171911109439,-8.43785176819347
"DEG","DE",2008,13.4536597606988,10271249350000,456217,0.254662550170621,3.02225894601025,6.98896018637258,4.06979489492281,0.137352081484369,3.96,-10.9853792845247,-8.24103948124079
"DK01","DK",2008,15.6885423872337,1213766800000,55400,0.589499453704605,2.67101841574931,6.6780246324403,1.1671202918839,0.0829695926633384,14.7022222222222,-11.3687802335527,-10.0199344217409
"DK02","DK",2008,14.6939597054828,7656189200000,319750,0.544533311828182,2.63284894352698,7.07024234459607,1.92726822802826,0.0829695926633384,14.7022222222222,-11.47472960447,-11.1673248983336
"DK03","DK",2008,16.9865070487776,8678781400000,411460,0.660267521202277,2.62775681608015,7.33478207906325,4.01692247559127,0.0829695926633384,14.7022222222222,-9.91470610180594,-9.4449155017962
"DK04","DK",2008,18.4113194723287,4707483800000,241870,0.548322417200472,1.56802279781125,7.09949531869498,4.52854455089273,0.0829695926633384,14.7022222222222,-8.9082248376724,-11.7799132621058
"DK05","DK",2008,8.30988790486911,3259122200000,148340,0.151524035882995,1.62693301942313,6.77443586286662,3.84298083905555,0.0829695926633384,14.7022222222222,-9.11313380480976,-10.8925644094781
"EE","EE",1988,4.46730045443078,2823998600000,427450,0.370764122904499,4.5548016400011,6.14982031634966,1.99674087715111,0.0258936206601676,0.171666666666667,-6.84945147694671,-10.4372234368533
"EE","EE",1998,6.22140094325806,2556478300000,357680,0.354495801472323,5.41464167756368,6.14982031634966,1.99674087715111,0.032076477913706,0.157,-11.4031909839004,-6.57781553474839
"EE","EE",2008,6.02241840251029,4318576936666.97,423559,0.374477475525788,5.29607435505219,6.14982031634966,1.99674087715111,0.051394155974184,0.112222222222222,-8.08882284954527,-6.53905462669364
"ES11","ES",1978,7.56641811658825,992302500000,104110,0.0112109816286589,1.09910302090168,6.54072297502301,1.64049755202478,0.0448920742483864,10.106,-33.9910743014356,-9.20364773580566
"ES30","ES",1978,4.07707913885423,351729700000,51790,0.058504313329772,1.63354875616241,4.92334760156784,4.13234743242195,0.0448920742483864,10.106,-35.0295988494053,-5.05652284207626
"ES21","ES",1978,12.2174168559636,476493600000,38710,0.633259554365671,2.36289871300741,4.70374891421802,1.76989974384439,0.0448920742483864,10.106,-30.5948578491483,-7.16166433037159
"ES43","ES",1978,3.92680362917764,893820700000,188220,0.378789523700386,2.21779899805035,4.34732386765592,4.66006322057938,0.0448920742483864,10.106,-42.0483230125209,-5.01269176185126
"ES22","ES",1978,5.84063448424425,1258498400000,130530,0.316801290020585,1.27663760696511,4.7695792519924,2.34911866331377,0.0448920742483864,10.106,-27.0316162641176,-7.20871380259545
"ES51","ES",1978,4.72566230905527,2279052800000,254730,0.225531069812061,1.87119814597273,4.94075574107396,2.42534818053004,0.0448920742483864,10.106,-33.4608507759081,-5.12874428393786
"ES23","ES",1978,4.41217479319047,6.60501e+11,59490,0.0718252197159319,1.55192376680173,5.06056616419673,2.47258213067397,0.0448920742483864,10.106,-23.2414682615429,-6.39198626068272
"ES52","ES",1978,9.88675483037631,570063500000,54390,0.278008804042732,3.69980569840549,4.55805018644985,1.56764875537519,0.0448920742483864,10.106,-44.994476984117,-6.07252440567616
"ES24","ES",1978,4.19566075973194,4353375200000,635500,0.162254613203188,1.32488798820683,3.65293500003353,2.18569297333378,0.0448920742483864,10.106,-31.6150004940581,-7.30569187151128
"ES53","ES",1978,5.877930057208,140307500000,30220,0.221163120268689,1.57999086495397,4.62012780647311,1,0.0448920742483864,10.106,-33.6129742402694,-6.0232993051864
"ES42","ES",1978,5.18537312018992,6.325486e+12,1159720,0.391717556070815,2.02546792613361,4.59260247865864,4.46014818384349,0.0448920742483864,10.106,-33.6672813625663,-6.62824777972418
"ES12","ES",1978,8.19029655951292,101900300000,8890,0,1,5.86059631871888,2.94892641735096,0.0448920742483864,10.106,-26.5787510045819,-7.80789143662346
"ES41","ES",1978,4.72747547752752,13849181900000,1614890,0.267231793134597,1.84257136269804,4.71457960496898,5.18056266924644,0.0448920742483864,10.106,-29.0116280226517,-6.31355017270192
"ES13","ES",1978,13.9727857274273,34957500000,4130,0.483365461101504,1.53736770730163,7.48458893008941,1.84035127280746,0.0448920742483864,10.106,-26.9919679905375,-6.78659679817597
"ES61","ES",1978,5.28482338597199,5612650400000,842100,0.428569644439538,3.21662854224715,4.38478338441262,6.50732995275582,0.0448920742483864,10.106,-48.807268765658,-5.16363105238766
"ES62","ES",1978,2.36292150152805,337961500000,87620,0.0663706183531666,1.30551497627303,4.4133318438943,1.68748362129706,0.0448920742483864,10.106,-49.0431341119703,-4.76240725379487
"ES21","ES",1988,8.70463845703248,336214500000,25220,0.641829711653235,2.04023984053252,4.70374891421802,1.76989974384439,0.0516567567979128,11.501,-19.7877186608753,-7.57538606715852
"ES43","ES",1988,3.79809217151008,900227300000,214670,0.678961433984734,2.4110502220183,4.34732386765592,4.66006322057938,0.0516567567979128,11.501,-24.4151371245287,-3.9364003070835
"ES11","ES",1988,5.28966334968125,812313600000,82920,0.0128262154385348,1.1109863146629,6.54072297502301,1.64049755202478,0.0516567567979128,11.501,-20.0023770382567,-9.24792187245302
"ES51","ES",1988,5.97893419535996,2969107600000,286870,0.174745362260582,1.95663896683766,4.94075574107396,2.42534818053004,0.0516567567979128,11.501,-23.8989213647819,-7.28556778783122
"ES23","ES",1988,7.26285371772524,538948400000,40370,0.544703577974277,1.65930065056806,5.06056616419673,2.47258213067397,0.0516567567979128,11.501,-18.4272441763562,-6.29329468868376
"ES52","ES",1988,11.4383509753366,587533100000,51380,0.548456995753256,3.58710465102802,4.55805018644985,1.56764875537519,0.0516567567979128,11.501,-31.1046403897519,-4.62318869735695
"ES22","ES",1988,5.88676534333262,1179777200000,131380,0.372727850316284,1.66827929869078,4.7695792519924,2.34911866331377,0.0516567567979128,11.501,-23.0527740021831,-6.52813964023422
"ES53","ES",1988,4.01961022263852,129586700000,21880,0.105269821404179,1.56803821639727,4.62012780647311,1,0.0516567567979128,11.501,-23.685735746691,-5.22878451478288
"ES30","ES",1988,3.99740313286589,397088500000,64890,0.204376385228657,1.51913265137118,4.92334760156784,4.13234743242195,0.0516567567979128,11.501,-23.3652687823993,-4.27633767237122
"ES12","ES",1988,3.31591832492549,51301900000,4090,0,1,5.86059631871888,2.94892641735096,0.0516567567979128,11.501,-19.4636094344947,-11.5145162975297
"ES24","ES",1988,3.88058997965577,4403536300000,594640,0.280892637937936,1.5682389506496,3.65293500003353,2.18569297333378,0.0516567567979128,11.501,-23.1996247072807,-6.17918223304774
"ES13","ES",1988,5.29023930278736,31436500000,3210,0.280821519488883,1.40733544782934,7.48458893008941,1.84035127280746,0.0516567567979128,11.501,-21.8989477066629,-7.37803512625445
"ES42","ES",1988,3.63378769046099,7262046200000,1381670,0.0834487457622533,1.84428931839833,4.59260247865864,4.46014818384349,0.0516567567979128,11.501,-22.6654736914345,-4.90576433536633
"ES62","ES",1988,2.34200583544352,382964300000,85730,0.0790473745405001,1.32183503559577,4.4133318438943,1.68748362129706,0.0516567567979128,11.501,-34.5389817494114,-3.6939033269218
"ES41","ES",1988,3.67536666885794,13099580300000,1726060,0.125334138407311,1.62106027859899,4.71457960496898,5.18056266924644,0.0516567567979128,11.501,-18.0686792986973,-5.32238803845015
"ES61","ES",1988,4.28848754851607,5401462400000,841840,0.294834510541075,3.15605912148914,4.38478338441262,6.50732995275582,0.0516567567979128,11.501,-30.6411897170718,-2.87258171528842
"FI19","FI",1998,11.0560241486118,3384546200000,296500,0.547765317346175,2.52654343082823,6.60962343755814,2.89952348247444,0.0782884968612213,3.938,-7.1052893453704,-10.5052578547582
"FI19","FI",2008,10.9449894890892,3699060700000,289640,0.637486877907905,2.74617377353245,6.60962343755814,2.89952348247444,0.0707520327914038,3.40666666666667,-4.73558768548511,-6.95512218652288
"FR10","FR",1978,9.66716222075485,1505595100000,85320,0.491490842730644,2.06534488424409,7.22922701434208,2.02756041570761,0.119648161439206,4.68,-19.6577919210368,-8.8537614804066
"FR72","FR",1978,7.84701935891528,1095012400000,93850,0.403212500428008,2.21158989115047,6.47771996861372,2.56504892735178,0.119648161439206,4.68,-17.7229835134892,-6.74207555953815
"FR61","FR",1978,7.23472989648964,1048942300000,100110,0.454950480578776,2.48320815890921,7.35393183768255,4.18370496460105,0.119648161439206,4.68,-25.2231572223044,-7.52554043497605
"FR21","FR",1978,12.9740724721882,5182439600000,308010,0.631436309781044,1.90772439605476,5.59575047437251,4.13588231609565,0.119648161439206,4.68,-18.2838139445902,-9.17099532201174
"FR81","FR",1978,9.10435277661552,422188500000,46940,0.592633125601318,3.22389043680531,5.93048604298466,5.9157909515403,0.119648161439206,4.68,-26.8199983252991,-6.74186510613229
"FR62","FR",1978,8.59640303531244,3231859700000,313150,0.445901788300841,2.57499271721972,7.36612018343729,3.73882864928067,0.119648161439206,4.68,-21.9724221510366,-7.77290578005465
"FR22","FR",1978,17.1014722378473,4599567400000,221710,0.703353960542132,2.06337368608835,7.85986815786085,1.21287765589511,0.119648161439206,4.68,-17.75582962073,-11.1179863488089
"FR82","FR",1978,11.2522004662317,633421200000,55940,0.726837735460453,3.07238746956223,5.33985480422078,6.08350188406871,0.119648161439206,4.68,-22.652511414585,-7.80063958254018
"FR63","FR",1978,7.13420357908879,315540400000,32900,0.309473473197453,1.7216683657842,7.50612280960224,1.73023795538349,0.119648161439206,4.68,-21.1020643764857,-10.5673507108387
"FR53","FR",1978,5.65458115539994,3333283800000,304640,0.370540424832676,2.35706706774614,7.56836438924096,5.28270990615377,0.119648161439206,4.68,-23.7117480157117,-8.9559268572979
"FR42","FR",1978,10.4332378748886,6.52455e+11,42910,0.611412014946527,2.03804234911786,5.8357990702077,5.05649697096579,0.119648161439206,4.68,-18.1152827380806,-9.44195803559614
"FR25","FR",1978,8.85563281007579,854266600000,52200,0.376299624978484,1.64828838180526,8.20383081101956,3.64971157545726,0.119648161439206,4.68,-20.6116978601008,-8.83489873296259
"FR51","FR",1978,5.1300404502206,1.483649e+12,122150,0.332242670717428,2.34794275162956,8.0602447197374,5.01526703596996,0.119648161439206,4.68,-20.302987111527,-8.72324635828152
"FR43","FR",1978,4.16940564487031,932353800000,72940,0.0793414002013119,1.66787722203815,4.99353558139783,5.75449260228795,0.119648161439206,4.68,-16.1796211830751,-11.679061730574
"FR26","FR",1978,6.5234489523704,4.413794e+12,319430,0.343343593178932,2.00789496932267,5.37052124442052,5.77564569459771,0.119648161439206,4.68,-19.8758717079099,-8.62903996559419
"FR83","FR",1978,4.94939772505497,9004600000,960,0.248390105837189,1.9353558331679,5.6904327533575,2.56228841899731,0.119648161439206,4.68,-29.8853467559824,-9.54808357436943
"FR71","FR",1978,6.62478875781825,1549287100000,125210,0.26594057481014,2.75947183867262,6.40809430552304,6.34861453696121,0.119648161439206,4.68,-20.1763888556951,-10.4487671874311
"FR30","FR",1978,17.1078508619855,3892794200000,186900,0.580435335095613,1.77444526186611,8.13588809505469,2.20513488184078,0.119648161439206,4.68,-18.8327320437758,-11.5607313542583
"FR23","FR",1978,11.772437725075,1773572200000,95380,0.437392718897918,1.97062720051464,8.11038901731352,1.56614716713813,0.119648161439206,4.68,-19.2788064134783,-11.8966504177813
"FR24","FR",1978,6.72241251040187,5656572500000,447140,0.405671338363227,2.44285842855637,7.42592352493344,5.38964835264105,0.119648161439206,4.68,-19.9584917178366,-9.59576137732275
"FR52","FR",1978,6.10502162097886,2725347800000,188680,0.200750193873476,1.65784448892705,8.37554664762742,3.17567700384103,0.119648161439206,4.68,-22.4612321808448,-8.33889329305847
"FR41","FR",1978,7.56334068463514,3248792300000,235430,0.3109012643553,1.70195852291739,4.04583067052647,2.75842485302584,0.119648161439206,4.68,-17.4673812703668,-8.95217651764242
"FR26","FR",1988,10.5091100208642,4985646300000,331790,0.390495518343997,2.83584349888035,5.37052124442052,5.77564569459771,0.127477807834468,7.447,-19.4205849593482,-6.86462367528719
"FR25","FR",1988,8.38764312449477,983560500000,52140,0.367050664750749,2.29426897306884,8.20383081101956,3.64971157545726,0.127477807834468,7.447,-19.3500257661278,-5.63522289779253
"FR10","FR",1988,6.74295954027612,1834472900000,102120,0.239777377678303,2.94674767820848,7.22922701434208,2.02756041570761,0.127477807834468,7.447,-17.9193037891846,-7.14090341849624
"FR42","FR",1988,9.73850588400444,361654500000,23280,0.750082387160877,3.22208080184109,5.8357990702077,5.05649697096579,0.127477807834468,7.447,-15.9630120411871,-7.40572175816525
"FR24","FR",1988,7.56333352119097,7124071700000,516000,0.370404775956511,3.01610947696669,7.42592352493344,5.38964835264105,0.127477807834468,7.447,-18.5965234506069,-6.74339358568939
"FR43","FR",1988,10.6949534275928,1038517300000,67000,0.614769574014827,2.49601040489183,4.99353558139783,5.75449260228795,0.127477807834468,7.447,-17.5616048268767,-9.27707258828272
"FR81","FR",1988,12.515360605715,453811400000,51100,0.768626360500292,3.72962369092657,5.93048604298466,5.9157909515403,0.127477807834468,7.447,-26.2642697546833,-4.44078291677929
"FR72","FR",1988,14.2793530137852,967237700000,75880,0.584223394751124,2.90367043354227,6.47771996861372,2.56504892735178,0.127477807834468,7.447,-17.8131762217946,-6.0246986182801
"FR21","FR",1988,8.48345069510179,6345444900000,335910,0.355860896332302,2.85140036614592,5.59575047437251,4.13588231609565,0.127477807834468,7.447,-16.4011069049548,-7.01539370424499
"FR30","FR",1988,10.7449148045222,3.582417e+12,149780,0.465560191592978,2.25074494434673,8.13588809505469,2.20513488184078,0.127477807834468,7.447,-15.7253101819652,-5.89398372825211
"FR23","FR",1988,6.50378517038505,2151767900000,104710,0.166630197852725,2.49845792524706,8.11038901731352,1.56614716713813,0.127477807834468,7.447,-17.618636264605,-5.59503006474587
"FR22","FR",1988,8.29206842897908,4884703500000,217420,0.365873745786626,2.75633458523931,7.85986815786085,1.21287765589511,0.127477807834468,7.447,-15.8436050219922,-7.20566688783288
"FR51","FR",1988,7.40368361977894,1561078300000,143120,0.660902891703718,2.65581464548439,8.0602447197374,5.01526703596996,0.127477807834468,7.447,-19.0457532213711,-6.27204820516651
"FR71","FR",1988,12.5508168097206,1381980800000,115200,0.730603685817664,3.07971226067889,6.40809430552304,6.34861453696121,0.127477807834468,7.447,-21.4910480330074,-6.02618533043129
"FR53","FR",1988,9.43919293283367,4026439500000,381160,0.695902108772828,2.53126949777285,7.56836438924096,5.28270990615377,0.127477807834468,7.447,-20.542388533644,-6.37431746721496
"FR63","FR",1988,19.1199603007274,2.47876e+11,20830,0.751312614789265,2.1739910392235,7.50612280960224,1.73023795538349,0.127477807834468,7.447,-19.0015891232907,-6.53614180809512
"FR41","FR",1988,9.58401703407515,4373839500000,252600,0.269205607601285,2.15413537074221,4.04583067052647,2.75842485302584,0.127477807834468,7.447,-16.2980458017535,-7.51919776692162
"FR61","FR",1988,6.13476516122524,947010600000,95740,0.574067634337979,2.57136409211907,7.35393183768255,4.18370496460105,0.127477807834468,7.447,-22.5612171839173,-7.57182494452098
"FR82","FR",1988,25.8696699991469,608594200000,49000,0.895192704895214,4.01351681271795,5.33985480422078,6.08350188406871,0.127477807834468,7.447,-27.9885511796118,-5.21478474178332
"FR62","FR",1988,8.78417749970458,3309709800000,342130,0.616587113949518,2.53451456394965,7.36612018343729,3.73882864928067,0.127477807834468,7.447,-20.7711193442602,-6.97800656252512
"FR83","FR",1988,5.81192897928002,10525600000,1060,0.0940652837661681,1.69698975401951,5.6904327533575,2.56228841899731,0.127477807834468,7.447,-34.058608032238,-9.63881437726542
"FR52","FR",1988,8.39540525443404,2139757800000,127000,0.449104988524712,2.45610825900626,8.37554664762742,3.17567700384103,0.127477807834468,7.447,-20.0457040828829,-7.22162417843028
"FR53","FR",1998,13.2746841976539,13280199480000,783189,0.640007445583951,3.81757048540048,7.56836438924096,5.28270990615377,0.120653020401076,9.028,-37.3885448114639,-6.96115977948783
"FR43","FR",1998,8.99472584326347,2479401240000,133516,0.333505198129003,3.69475147319212,4.99353558139783,5.75449260228795,0.120653020401076,9.028,-24.48833582948,-8.42025746150217
"FR42","FR",1998,7.94497025289146,1124358760000,49960,0.15710999922864,2.17764293252161,5.8357990702077,5.05649697096579,0.120653020401076,9.028,-27.980753206031,-6.77121214363301
"FR62","FR",1998,9.89238480073287,8895160440000,661333,0.451320965909429,4.92894767197007,7.36612018343729,3.73882864928067,0.120653020401076,9.028,-28.1655596560843,-13.2934518235843
"FR61","FR",1998,8.97541542018245,2532990610000,171894,0.323289283740859,3.86732875358751,7.35393183768255,4.18370496460105,0.120653020401076,9.028,-33.6265448940096,-12.3890547652241
"FR71","FR",1998,8.45663066753079,3561216110000,208145,0.233355633406908,4.01551122385667,6.40809430552304,6.34861453696121,0.120653020401076,9.028,-27.9608273715135,-8.61475980387676
"FR24","FR",1998,11.7398112738355,28686826180000,1415125,0.4123060388989,3.75939284819537,7.42592352493344,5.38964835264105,0.120653020401076,9.028,-39.3361671641637,-7.78803497600252
"FR10","FR",1998,12.3351036677093,9120162490000,378131,0.324655528482838,2.78161837293792,7.22922701434208,2.02756041570761,0.120653020401076,9.028,-45.1231134431042,-5.60134094222976
"FR41","FR",1998,10.7822294454258,10019305820000,503042,0.374773028745558,2.99588770343815,4.04583067052647,2.75842485302584,0.120653020401076,9.028,-28.4519925469201,-6.4774303691234
"FR25","FR",1998,11.3091624052213,5934104830000,256649,0.16780141812806,2.22617177652514,8.20383081101956,3.64971157545726,0.120653020401076,9.028,-56.926062965372,-9.011382606902
"FR21","FR",1998,16.9643304623186,19357961630000,825672,0.495609053297934,3.24289331911682,5.59575047437251,4.13588231609565,0.120653020401076,9.028,-31.5892358158988,-6.09478433077745
"FR81","FR",1998,15.3975441805912,1506437070000,132233,0.696398827979428,3.37826578119793,5.93048604298466,5.9157909515403,0.120653020401076,9.028,-37.4555147462042,-9.11509581282012
"FR72","FR",1998,9.18962697627699,2990311860000,167794,0.206198984948104,2.91431356159212,6.47771996861372,2.56504892735178,0.120653020401076,9.028,-24.5218864709099,-11.7110473594236
"FR22","FR",1998,20.035211634391,20079779590000,754537,0.505396132325828,2.72611950539313,7.85986815786085,1.21287765589511,0.120653020401076,9.028,-49.1569345667548,-6.06667902684288
"FR82","FR",1998,10.9274440467931,1245514260000,105024,0.509889906339451,3.81616098639055,5.33985480422078,6.08350188406871,0.120653020401076,9.028,-34.0746769758302,-5.99618710772529
"FR63","FR",1998,9.74342843894257,652250470000,41540,0.270410966271721,2.9608406997762,7.50612280960224,1.73023795538349,0.120653020401076,9.028,-27.0400339381727,-10.8346398695734
"FR26","FR",1998,9.63410351839712,13540061360000,702134,0.266125673806048,3.46244877021243,5.37052124442052,5.77564569459771,0.120653020401076,9.028,-28.7341350347381,-9.50052188230453
"FR83","FR",1998,6.33168780587014,4456500000,525,0.0714433693531104,1.76447318368083,5.6904327533575,2.56228841899731,0.120653020401076,9.028,-43.6752925368474,-11.2277077450562
"FR52","FR",1998,12.1569107960009,8642679470000,397734,0.302157610641438,2.32226983956309,8.37554664762742,3.17567700384103,0.120653020401076,9.028,-51.2733692383351,-9.89645713061242
"FR51","FR",1998,7.49702815391518,9895006470000,508608,0.256832153497661,2.97517405541091,8.0602447197374,5.01526703596996,0.120653020401076,9.028,-47.0175531714007,-6.4926386120855
"FR30","FR",1998,15.3024529315263,11157446050000,405946,0.484408424861844,2.81156405250926,8.13588809505469,2.20513488184078,0.120653020401076,9.028,-54.4572080355105,-7.25486285849791
"FR23","FR",1998,12.4507822459119,10153920440000,396817,0.476426852834368,3.1101980841132,8.11038901731352,1.56614716713813,0.120653020401076,9.028,-51.9965126751396,-8.22583809758354
"UKF","GB",1978,14.4332792333488,3757310400000,238060,1.11022302462516e-16,1,7.44334122990805,6.2649317995198,0.209528168309043,0.803,-21.2765117041633,-22.4514042604665
"UKE","GB",1978,21.6398860093606,3997412800000,247450,1.11022302462516e-16,1,6.84363175556292,4.18113507975013,0.209528168309043,0.803,-21.7384470245466,-16.8270596523057
"UKG","GB",1978,22.4232272696959,2.409324e+12,152320,0,1,7.67074263014613,4.87328837495556,0.209528168309043,0.803,-19.8503821548726,-19.5172124204219
"UKN","GB",1978,10.6420055634433,880635500000,62340,0.11774744119503,1.68678153905921,5.88747658036514,3.35899984281437,0.209528168309043,0.803,-18.8750888202775,-12.3914906507683
"UKM","GB",1978,11.0006805080959,7460194500000,464300,0.0867766435697214,1.29483506083361,7.63491942366957,6.56076424030503,0.209528168309043,0.803,-16.6575461474986,-16.1980691328843
"UKL","GB",1978,17.4038428188577,908929800000,60030,0.0778993951591793,1.37711882982941,7.58450740930684,2.53492621592052,0.209528168309043,0.803,-19.2157799855754,-17.9791770227959
"UKK","GB",1978,27.6597468509216,3646986800000,232720,1.11022302462516e-16,1,7.95292785699374,6.1396807902464,0.209528168309043,0.803,-18.3889889101886,-13.6740201275363
"UKG","GB",1988,7.79623325642774,1.767568e+12,97970,0,1,7.67074263014613,4.87328837495556,0.216169181285641,0.883,-18.4397240675058,-8.45182080593714
"UKF","GB",1988,9.18076645499315,2.396708e+12,131720,0,1,7.44334122990805,6.2649317995198,0.216169181285641,0.883,-18.5640268584361,-6.49728714470605
"UKE","GB",1988,10.0639638501634,2.83528e+12,145970,2.22044604925031e-16,1,6.84363175556292,4.18113507975013,0.216169181285641,0.883,-17.138821834908,-8.92392011203764
"UKL","GB",1988,9.70384293524288,5.7602e+11,36980,0,1,7.58450740930684,2.53492621592052,0.216169181285641,0.883,-18.3200448293687,-8.78789721654213
"UKK","GB",1988,8.53603045395858,2.630602e+12,154690,-2.22044604925031e-16,1,7.95292785699374,6.1396807902464,0.216169181285641,0.883,-17.6280776674317,-10.8965777409627
"UKN","GB",1988,13.0790156229222,769643700000,46480,0.10136479680199,1.66732909758447,5.88747658036514,3.35899984281437,0.216169181285641,0.883,-25.5882011368351,-11.3979724580768
"UKM","GB",1988,9.34117890633593,7.125296e+12,402200,0.220733804074107,1.87127437947881,7.63491942366957,6.56076424030503,0.216169181285641,0.883,-19.7464060458156,-10.1827421800613
"UKC","GB",1998,18.1161156087907,8.051e+11,41380,0,1,5.3478673260849,3.17606515187376,0.188588659411745,1.3,-30.2327440053029,-7.52848382464583
"UKD","GB",1998,14.858247644938,6.4574e+11,40180,0,1,6.47868773752685,3.60661245322389,0.188588659411745,1.3,-36.7442699491294,-7.06282020057972
"UKG","GB",1998,15.3008214133628,1147491600000,63120,-2.22044604925031e-16,1,7.67074263014613,4.87328837495556,0.188588659411745,1.3,-47.6291016278346,-6.72101100933505
"UKF","GB",1998,28.8566832824009,1736260400000,88750,0,1,7.44334122990805,6.2649317995198,0.188588659411745,1.3,-37.0537885509251,-7.81957096169995
"UKE","GB",1998,15.5763385811771,2.380938e+12,116070,0,1,6.84363175556292,4.18113507975013,0.188588659411745,1.3,-35.0113985052792,-7.49940681664933
"UKL","GB",1998,13.2206387475573,411580400000,24760,1.11022302462516e-16,1,7.58450740930684,2.53492621592052,0.188588659411745,1.3,-46.0757945806346,-6.98852137682617
"UKK","GB",1998,21.9529603592126,1986322800000,113710,0,1,7.95292785699374,6.1396807902464,0.188588659411745,1.3,-50.4087464139107,-7.15496395022398
"UKH","GB",1998,21.0018249595219,3136337600000,159770,-2.22044604925031e-16,1,7.45277990655927,6.0911367907959,0.188588659411745,1.3,-36.5368327149815,-8.10968339091546
"UKM","GB",1998,14.9288800312783,5901001200000,314130,0,1,7.63491942366957,6.56076424030503,0.188588659411745,1.3,-28.9313589699258,-7.48580810681459
"UKN","GB",1998,8.71762772567906,468086800000,29050,0,1,5.88747658036514,3.35899984281437,0.188588659411745,1.3,-41.8922473297673,-7.55464472154815
"EL43","GR",1978,24.9139071118169,88780400000,12990,0.794390222042841,1.98395238905552,4.43661934146528,2.38961922022723,0.099440350877193,11.152,-55.7704900041058,-10.6007020039383
"EL30","GR",1988,5.38810644205773,15344500000,2460,0.190913581281394,1.54045225403929,4.00289175687998,2.92479346253368,0.0938418438813192,13.367,-32.5697238344786,-3.87165652882263
"EL43","GR",1988,15.6794957107611,75700100000,9810,0.291467799501175,1.86992724745391,4.43661934146528,2.38961922022723,0.0938418438813192,13.367,-40.5661368996095,-4.60993393886435
"EL41","GR",1988,6.94670176662271,61954700000,11410,0.0265589004207062,1.34035713407689,3.45265225044915,1.71603486145494,0.0938418438813192,13.367,-33.124759241571,-4.01901490169421
"EL43","GR",1998,11.5753597918163,77453220000,5309,0.847642156107608,1.59688877491345,4.43661934146528,2.38961922022723,0.0636045870837379,17.691,-46.3032355557416,-4.36144116924085
"EL41","GR",1998,1.13713645285782,26586960000,4640,0.0283714526981643,2.27435140507175,3.45265225044915,1.71603486145494,0.0636045870837379,17.691,-42.1079038278048,-4.27912627007137
"EL30","GR",1998,12.1079757494177,44016940000,10380,0.338788018593225,1.39360166800496,4.00289175687998,2.92479346253368,0.0636045870837379,17.691,-44.8780370893426,-4.98294538126013
"EL30","GR",2008,5.56275758758264,38476680000,5729,0.407778361460526,1.88031960808682,4.00289175687998,2.92479346253368,0.0511656432997896,21.0588888888889,-38.7485588206116,-6.17472992191132
"EL52","GR",2008,7.22905892464263,2892324320000,327763,0.687830480435212,5.25876186518793,5.27802286585366,3.71125958231536,0.0511656432997896,21.0588888888889,-45.8355523523092,-5.65415833008354
"EL53","GR",2008,6.7295090767149,1.129479e+12,125247,0.491755999833202,4.71044264164465,4.28770764167057,3.26156448215034,0.0511656432997896,21.0588888888889,-25.9645430566182,-5.77287794461912
"EL41","GR",2008,2.45138985229719,23519820000,6053,0.620892573544559,3.36195675917238,3.45265225044915,1.71603486145494,0.0511656432997896,21.0588888888889,-40.7401299907139,-4.97508610368392
"EL61","GR",2008,8.80873206224317,1985231080000,170216,0.617200071692148,3.08344820599205,4.66797461601932,3.35066231568045,0.0511656432997896,21.0588888888889,-46.3647325417832,-7.07443236802342
"EL62","GR",2008,8.16690416911747,24317610000,2878,0.819557503411937,3.42347457835856,2.77443796351788,1.99144703177416,0.0511656432997896,21.0588888888889,-66.1751684212957,-5.0202650825047
"EL63","GR",2008,4.43080221631514,219494540000,43451,0.422645600412793,2.85372908543142,5.31831694965819,3.86433325914531,0.0511656432997896,21.0588888888889,-55.9712893559965,-8.08887068942771
"EL54","GR",2008,9.6579755224503,49200020000,5968,0.797492666457563,4.13575733946897,5.06987171004717,3.55800965559173,0.0511656432997896,21.0588888888889,-37.0247960116594,-5.74745301647932
"EL65","GR",2008,6.60173215983442,237437540000,22477,0.697456313312932,5.5234317077865,4.15913956138255,2.71633240198831,0.0511656432997896,21.0588888888889,-32.0457873344434,-6.1082795038407
"EL43","GR",2008,5.08187319186182,67376150000,7346,0.500451979033232,2.56286742039189,4.43661934146528,2.38961922022723,0.0511656432997896,21.0588888888889,-30.6910603484281,-5.87914937590366
"EL51","GR",2008,7.53933890431184,1506690850000,156653,0.773612891186638,4.8816148903735,5.66250585954555,3.46868644457943,0.0511656432997896,21.0588888888889,-32.9874299979937,-4.66141277918672
"EL64","GR",2008,9.48942421765081,809688220000,78764,0.712337399407904,3.35208099190867,4.27125686276727,2.90288582452277,0.0511656432997896,21.0588888888889,-36.4194554895249,-9.03271770477227
"HU1","HU",1998,6.17548981298439,518948800000,66030,0.588045317532159,3.29326370978257,6.42295905471767,6.52381023250301,0.0621487807897017,3.434,-15.8679654724632,-4.78122229646173
"HU33","HU",1998,6.22133740509334,1952007100000,221220,0.564115601221936,3.23615651203145,6.03760596529156,4.3136743213456,0.0621487807897017,3.434,-15.9377445941647,-4.32624549508623
"HU21","HU",1998,6.82609622623374,1011909200000,111430,0.631723954131974,3.04024089610406,6.34029633224392,5.57188717183624,0.0621487807897017,3.434,-15.6929253975294,-5.38375146041477
"HU22","HU",1998,7.64363642451156,1624758400000,131980,0.590683848090927,3.92403211974684,6.324165054773,5.82522347047345,0.0621487807897017,3.434,-16.992775738006,-6.49538915503377
"HU23","HU",1998,9.16272062236764,1281718800000,131610,0.678723831030167,3.95940060734466,6.32124734023841,7.29275266729697,0.0621487807897017,3.434,-16.2390936627046,-5.86476853381403
"HU31","HU",1998,4.75784303161841,1065474400000,142770,0.410856610019701,2.95563637391484,6.21136494994497,6.10691713906912,0.0621487807897017,3.434,-16.6471286167179,-6.34330838981042
"HU32","HU",1998,7.30911559355856,1369501600000,191560,0.555407540456047,2.64139672229007,5.6164165549567,7.02740139234443,0.0621487807897017,3.434,-15.5888238263323,-6.81950565732186
"HU21","HU",2008,8.16174650226716,3413978490000,254923,0.252953736620423,3.59263103346924,6.34029633224392,5.57188717183624,0.0712867155770994,3.40666666666667,-21.2122078446181,-4.23455449115924
"HU1","HU",2008,6.51325244598069,1558077100000,134182,0.26743755442438,3.42057908642044,6.42295905471767,6.52381023250301,0.0712867155770994,3.40666666666667,-21.5875514353075,-3.80420856685111
"HU23","HU",2008,7.37516827874218,4873416010000,328934,0.18025467215422,4.10865966466499,6.32124734023841,7.29275266729697,0.0712867155770994,3.40666666666667,-24.2103004041463,-4.47033617584978
"HU22","HU",2008,10.3653084062115,3874816500000,277369,0.433217451931941,3.94699499525166,6.324165054773,5.82522347047345,0.0712867155770994,3.40666666666667,-20.9016003846801,-5.28837598861556
"HU33","HU",2008,7.40987226297711,6209389380000,499975,0.272137667060901,3.76970574875354,6.03760596529156,4.3136743213456,0.0712867155770994,3.40666666666667,-25.7501601056417,-4.0244393083442
"HU31","HU",2008,6.3203577864481,3269222370000,279633,0.289976074978409,3.44427662469485,6.21136494994497,6.10691713906912,0.0712867155770994,3.40666666666667,-20.4439093538187,-3.80724374943466
"HU32","HU",2008,6.00207851453025,5130470430000,446982,0.213611099607646,3.2043968579612,5.6164165549567,7.02740139234443,0.0712867155770994,3.40666666666667,-21.7588013616935,-4.03256058557717
"ITC1","IT",1978,22.7702252486169,2102781700000,134460,0.575399279356084,1.83333958900778,6.65456900443808,5.25796458294986,0.083346894447834,20.161,-26.2288107063001,-8.76227985560599
"ITF3","IT",1978,11.5446679815427,503317700000,42240,0.22051104371466,1.92776692381664,6.45030085074813,3.68314668189986,0.083346894447834,20.161,-24.7785730541509,-8.70417974496264
"ITH4","IT",1978,7.23999360509898,2.37607e+11,18220,0.135928463470801,1.38102188509753,6.0928122391788,1.3824212150072,0.083346894447834,20.161,-24.0515989316918,-10.4925946599664
"ITC2","IT",1978,19.4712855676854,6063500000,690,-2.22044604925031e-16,1,4.15803573067699,2.93250177368906,0.083346894447834,20.161,-8.28614932088269,-9.65328089380723
"ITI2","IT",1978,7.28167372781538,239640100000,26470,0.545432873538297,3.07005823331242,5.84391340555433,1.93514664643211,0.083346894447834,20.161,-21.9269979825741,-6.31497077974578
"ITC3","IT",1978,21.8831093385034,36468100000,3250,2.22044604925031e-16,1,6.34294803754198,1.67560326568958,0.083346894447834,20.161,-22.2852814304848,-9.66359083099026
"ITF5","IT",1978,3.8559092221958,328467400000,35520,0.28259444426233,2.11566331052179,5.9883077419192,4.04727271559464,0.083346894447834,20.161,-22.0118412382591,-5.52025560955342
"ITC4","IT",1978,11.1683341067196,2075923700000,130240,0.580823845511748,2.22634690936353,6.78370998866566,3.72668321787396,0.083346894447834,20.161,-27.1663276902448,-8.29120504088761
"ITF4","IT",1978,4.36642165938182,981450100000,76490,0.356318173443575,3.51680355071845,4.60450969347465,3.94923673869558,0.083346894447834,20.161,-36.2205052782955,-6.83371357303647
"ITH3","IT",1978,10.9680328356777,5.49643e+11,33550,0.422284192080588,2.00894482521727,6.22599438873278,1.65930821968174,0.083346894447834,20.161,-28.7225516348401,-8.88297460451145
"ITG1","IT",1978,11.1545982501253,157531400000,20710,0.271058295350885,1.92122317027908,4.32985562583403,3.11691524974407,0.083346894447834,20.161,-41.0577733975655,-4.65227676438026
"ITF1","IT",1978,7.61777149687786,506768500000,34640,0.393810200156476,2.84497077105216,5.53388332884659,3.06511422591547,0.083346894447834,20.161,-23.9040222009764,-9.44353906041008
"ITF6","IT",1978,8.28516410130784,280513200000,28310,0.47087395691268,2.74862520358522,5.18281315476967,3.80945905329411,0.083346894447834,20.161,-37.8605105210218,-8.94180295310973
"ITF2","IT",1978,7.98416214525111,162964300000,21950,0.688014042028025,3.34972228561592,6.6487012183643,2.89391355741652,0.083346894447834,20.161,-23.7840747715461,-6.70534732553254
"ITI4","IT",1978,15.0769150323373,572368800000,44070,0.746203272485843,2.87155702499023,5.87076967036682,3.56394237883977,0.083346894447834,20.161,-21.6366260145361,-7.22912150641946
"ITG2","IT",1978,6.07980822972139,309917900000,34270,0.56831434780191,2.41466815460604,5.30318084262872,3.84624794102657,0.083346894447834,20.161,-23.9767660668752,-7.4997210941312
"ITI1","IT",1978,6.97871748841622,716005300000,71150,0.495504415730506,3.13043341072676,5.79624446650397,3.37308784559938,0.083346894447834,20.161,-22.0309544806063,-7.89996922369594
"ITC1","IT",1988,31.4894146466558,1.938132e+12,114790,0,1,6.65456900443808,5.25796458294986,0.0770711486545328,23.194,-27.7798573885218,-5.00463777387877
"ITH3","IT",1988,6.44990025524317,4.354e+10,3150,0,1,6.22599438873278,1.65930821968174,0.0770711486545328,23.194,-23.5288589989278,-8.68623120563141
"ITC4","IT",1988,16.2115133990466,1.447936e+12,92200,-2.22044604925031e-16,1,6.78370998866566,3.72668321787396,0.0770711486545328,23.194,-25.5686433936241,-6.60660184618514
"ITC3","IT",1998,11.4240508941671,7.808e+09,750,0.520848839676615,1.63082548886369,6.34294803754198,1.67560326568958,0.0774977221489443,25.958,-11.1629782328019,-4.64356106283556
"ITC2","IT",1998,3.31923655163373,2780500000,220,2.22044604925031e-16,1,4.15803573067699,2.93250177368906,0.0774977221489443,25.958,-11.1146361180032,-5.07517885684081
"ITF2","IT",1998,13.9252549545406,7.76748e+11,88550,0.32597558477322,2.32434166674357,6.6487012183643,2.89391355741652,0.0774977221489443,25.958,-32.0268997258031,-6.27459442877656
"ITC1","IT",1998,15.4441163684214,4378747900000,267460,0.442462788333237,3.90544331461431,6.65456900443808,5.25796458294986,0.0774977221489443,25.958,-34.0960181800823,-3.67319102616247
"ITF3","IT",1998,15.1167475276168,1356380100000,120580,0.567079851795238,3.21775994733411,6.45030085074813,3.68314668189986,0.0774977221489443,25.958,-27.8077108482344,-8.01688646517522
"ITF6","IT",1998,9.24938972171508,780124400000,94540,0.349692948093306,3.2051393847208,5.18281315476967,3.80945905329411,0.0774977221489443,25.958,-42.6126038686209,-7.82203375774278
"ITF4","IT",1998,5.32451467057415,4090948600000,467400,0.188406857523588,1.8464775989706,4.60450969347465,3.94923673869558,0.0774977221489443,25.958,-31.7393969674717,-5.47553771016517
"ITF5","IT",1998,4.78782173241893,1689165200000,216690,0.267961870783179,1.61024369690152,5.9883077419192,4.04727271559464,0.0774977221489443,25.958,-32.05518039827,-5.97407419397718
"ITG1","IT",1998,5.0629439268333,2.728924e+12,357140,0.0246983538438782,1.39835009130649,4.32985562583403,3.11691524974407,0.0774977221489443,25.958,-33.8428052373871,-5.8552846616233
"ITF1","IT",1998,17.7578144807481,1330795500000,97150,0.712742039373337,4.45269349467011,5.53388332884659,3.06511422591547,0.0774977221489443,25.958,-27.96174420821,-5.85195023490217
"ITG2","IT",1998,5.08479742721218,688525500000,121790,0.391025859270799,2.14254802858317,5.30318084262872,3.84624794102657,0.0774977221489443,25.958,-39.5506171217385,-6.79240489918079
"ITC4","IT",1998,10.8624291889985,3703835200000,219760,0.61702344886264,4.19742281784815,6.78370998866566,3.72668321787396,0.0774977221489443,25.958,-29.8914772904236,-4.47328109195874
"LT","LT",1988,6.10960186361595,10754595500000,1331430,0.470717004213566,5.88904130080188,5.49356123976296,1.88387675788061,0.021785464709993,0.356666666666667,-8.75733898348095,-8.87223380199073
"LT","LT",1998,7.71545337234419,10908466230004.3,1250174,0.457877676610758,7.52043304430123,5.49356123976296,1.88387675788061,0.0241844213074603,0.211,-13.4692578013207,-9.83847660364193
"LT","LT",2008,8.83243193487632,18342285386677.2,1549558,0.628688168642939,6.8958856106885,5.49356123976296,1.88387675788061,0.054894047063773,0.148888888888889,-11.3826204305828,-7.8721916184742
"LV","LV",1988,6.56818412435144,4.915217e+12,704870,0.618453198863977,5.43243180416237,5.56121431949071,1.62249638661585,0.0224826596508012,0.025,-7.32626273238204,-10.3872056824996
"LV","LV",1998,10.0503391999304,4755641433335.6,581970,0.668090895688878,7.33781542764667,5.56121431949071,1.62249638661585,0.0346788362806617,0.05,-13.2771690108999,-9.47786882632289
"LV","LV",2008,6.51558050456305,1424435700000,126180,0.428172160031894,1.83419628926292,5.56121431949071,1.62249638661585,0.0546674080481074,0.0411111111111111,-10.0467466249497,-8.00139390195204
"PL11","PL",1998,7.00107649846202,3073262400000,272480,0.297519524210259,3.55231853880007,6.51070384480123,3.11215834677344,0.069550025431589,0.622,-18.3430131484274,-5.99824447279769
"PL12","PL",1998,10.4325083090109,4786878900000,412460,0.501722525194197,3.77917891013782,6.47527903298644,7.44768481212804,0.069550025431589,0.622,-16.1636881226185,-7.63736904740884
"PL21","PL",1998,12.5756669087955,2443294600000,234010,0.309441644910167,2.92967472876815,6.91417251787863,5.69170810928065,0.069550025431589,0.622,-13.5961426609372,-7.60938412099583
"PL51","PL",1998,10.369432002233,7177401400000,507440,0.48499481221232,3.51972303668233,6.85155410012931,5.75357931550266,0.069550025431589,0.622,-17.5555085894615,-7.91944023309692
"PL22","PL",1998,10.5076634164841,1723490300000,146540,0.293288358492091,3.4484882198464,6.20986735105323,3.78913857274531,0.069550025431589,0.622,-13.7435863441234,-7.66357138246208
"PL52","PL",1998,9.72317864869206,4246842100000,291060,0.403262380277728,3.14337224977982,6.94969519575025,5.84163429841561,0.069550025431589,0.622,-16.0122058320402,-9.64571483097203
"PL31","PL",1998,14.1749637561893,6995214200000,579770,0.490551677990876,3.59679546049029,6.39626203451799,5.55875915024746,0.069550025431589,0.622,-15.7452395798055,-6.7453254741562
"PL32","PL",1998,16.9941446926081,2640478300000,240440,0.646254452303886,3.19370538750544,6.5213239641145,5.33702697083729,0.069550025431589,0.622,-15.4855783735662,-7.89543185420485
"PL33","PL",1998,12.6670268475405,2243707700000,211520,0.5276127140063,3.55465145138242,6.72450108512112,5.35103793045349,0.069550025431589,0.622,-16.1451095428372,-6.91351715259668
"PL34","PL",1998,10.3782659436827,1578400200000,145970,0.491173099221886,3.46735371614636,5.30247541447153,5.53253321937003,0.069550025431589,0.622,-13.5580926084344,-11.3780451968267
"PL41","PL",1998,9.16501720946761,8297122400000,580100,0.350910623049889,4.35425891620076,6.60339179090746,5.56266545264539,0.069550025431589,0.622,-18.6792761035037,-5.91749424212613
"PL63","PL",1998,16.2623761498488,3907170300000,292700,0.639666673684516,3.83078191461589,6.89221272481946,6.89921301086724,0.069550025431589,0.622,-14.8291926592542,-5.86363692734535
"PL42","PL",1998,8.40690843809943,5158720900000,408840,0.364231765756088,3.654166203046,6.53755646362901,5.84210822980434,0.069550025431589,0.622,-15.6591044562499,-5.75738075711222
"PL43","PL",1998,4.82568222430395,1419860200000,128290,0.288790684339372,3.75278698937887,6.84275979281614,6.60329445006797,0.069550025431589,0.622,-19.8131024704533,-5.79055860150099
"PL61","PL",1998,9.49764735974165,5.093894e+12,418230,0.425584874149969,3.31673540218319,6.76044846427507,5.2303763492141,0.069550025431589,0.622,-16.5841835863331,-5.49123423067608
"PL62","PL",1998,15.1748630498236,3446556900000,297960,0.764742477380808,3.46111072187212,6.51068129067908,5.85548383582593,0.069550025431589,0.622,-14.8041198869086,-8.94109892117769
"PL42","PL",2008,8.26777117985113,5027092680000,330670,0.402148189439179,2.75249785207139,6.53755646362901,5.84210822980434,0.0951581250759799,0.864444444444444,-11.8568807120561,-6.16719282388874
"PL43","PL",2008,7.93403792539534,1660048080000,121987,0.321823020157044,2.84152387540673,6.84275979281614,6.60329445006797,0.0951581250759799,0.864444444444444,-12.0057254429176,-6.1694607840112
"PL51","PL",2008,15.3366769264939,6999931680000,455763,0.605913828174409,2.59628765930389,6.85155410012931,5.75357931550266,0.0951581250759799,0.864444444444444,-10.7805306839922,-6.28601326734015
"PL52","PL",2008,16.9835427865273,5161485540000,292207,0.623413589696697,2.76456515839367,6.94969519575025,5.84163429841561,0.0951581250759799,0.864444444444444,-11.8410636225736,-4.62953165944154
"PL21","PL",2008,9.60933583908549,1687559920000,141538,0.11926292254032,2.13585769478927,6.91417251787863,5.69170810928065,0.0951581250759799,0.864444444444444,-12.4232543418264,-5.14308279833731
"PL61","PL",2008,8.63274535251545,5724671640000,408927,0.661311649327207,2.81488146698912,6.76044846427507,5.2303763492141,0.0951581250759799,0.864444444444444,-12.7523855090044,-4.34808178947429
"PL22","PL",2008,12.3845832374091,1579980720000,117905,0.433832788515793,2.65490006366135,6.20986735105323,3.78913857274531,0.0951581250759799,0.864444444444444,-12.5997849415675,-5.13858517160579
"PL62","PL",2008,17.0938439343305,3505918380000,254885,0.726468113169615,2.62676804304586,6.51068129067908,5.85548383582593,0.0951581250759799,0.864444444444444,-12.8266531636986,-5.21650570197357
"PL41","PL",2008,8.93193610091594,6866846120000,486116,0.624488036008592,2.9000946189598,6.60339179090746,5.56266545264539,0.0951581250759799,0.864444444444444,-12.3585605881809,-5.6134865502418
"PL63","PL",2008,11.3029341405917,3906951280000,254715,0.408053422396729,2.65654425405471,6.89221272481946,6.89921301086724,0.0951581250759799,0.864444444444444,-12.7542620728104,-4.48938094797755
"PT11","PT",1988,6.19314013437339,321223500000,43530,0.011941358506978,1.07154514773293,5.04882365605281,2.62213265696718,0.0455495798319328,21.555,-20.7643581496921,-4.46831755628795
"PT15","PT",1988,9.17150694605582,16531100000,4750,0.169016743990774,1.87505070425625,4.56004532807967,2.71995195979071,0.0455495798319328,21.555,-32.9100929918775,-3.66884120603072
"PT11","PT",1998,11.0637590210318,181937170000,29266,0.345357968496279,2.12849281697531,5.04882365605281,2.62213265696718,0.0513900889096413,18.172,-41.7749293877259,-3.71163100358752
"PT15","PT",1998,3.90873288644062,17572940000,3759,0.309666022084422,2.87358808642222,4.56004532807967,2.71995195979071,0.0513900889096413,18.172,-90.253851149518,-5.28982285005286
"PT11","PT",2008,17.839736452874,530826130000,64797,0.35163990858987,4.24804514078336,5.04882365605281,2.62213265696718,0.0580741724204737,14.9466666666667,-37.5798048531772,-4.23586421737878
"PT15","PT",2008,3.82280867575621,13307740000,2191,0.295701302593789,5.24535501512048,4.56004532807967,2.71995195979071,0.0580741724204737,14.9466666666667,-50.0859076937439,-5.19126438547975
"PT16","PT",2008,23.9577279898416,1107713460000,68096,0.69267486881039,5.31311723958909,5.28551354846808,6.48638901473802,0.0580741724204737,14.9466666666667,-37.2085375044901,-4.11426298304245
"PT17","PT",2008,8.53537504030749,128962290000,8257,0.73013074648108,3.59231610089159,4.77261048674953,3.28353381324447,0.0580741724204737,14.9466666666667,-55.4317487192523,-3.66658769483267
"PT18","PT",2008,4.40424004699434,1118073930000,163462,0.380830920218365,6.43994831868169,4.75178714989665,8.93427361049451,0.0580741724204737,14.9466666666667,-42.1473686556982,-4.46945370844086
"RO11","RO",1998,4.19101916146317,2727872380000,324274,0.385488888479713,4.00846913258955,6.23947175351561,5.56432921246741,0.0262680698556069,21.741,-13.7944993457535,-4.50993356127133
"RO42","RO",1998,4.24945397499931,3826448020000,425316,0.33899091996556,3.69888839030664,6.29772988925543,7.87005421111614,0.0262680698556069,21.741,-14.9229980884056,-3.62543998820155
"RO12","RO",1998,5.49175525443953,2369113390000,255580,0.446258247128372,3.47875726346476,6.40980734949055,3.60162686788743,0.0262680698556069,21.741,-12.9307241572277,-3.79867789090584
"RO21","RO",1998,4.27809489305129,2995055050000,415410,0.460518104632428,4.39672062482121,6.51783781236269,8.5171210825506,0.0262680698556069,21.741,-14.0627876313647,-3.9564619151468
"RO22","RO",1998,4.12341386533439,5297619570000,877740,0.598386835732982,3.54453988775288,7.33102140825568,4.32048232608408,0.0262680698556069,21.741,-18.8561789176264,-3.5756681838758
"RO31","RO",1998,2.72794448845207,7299552470000,1070038,0.33607157756964,3.35968930927986,7.05578068221522,8.29675992508666,0.0262680698556069,21.741,-18.4563707410971,-2.97451510482017
"RO32","RO",1998,2.40400292810002,311464440000,47054,0.213712387164113,3.12408785567515,6.76301126685519,1.99896113357893,0.0262680698556069,21.741,-18.0743542142609,-3.26418431227775
"RO41","RO",1998,2.14385774545462,3902276470000,571977,0.111738749657248,2.34352966105468,6.28615524048123,8.9828847313152,0.0262680698556069,21.741,-17.7207755892154,-2.8639760188595
"RO12","RO",2008,7.01525528998906,4051567650000,305130,0.234200080470049,3.66372407069048,6.40980734949055,3.60162686788743,0.0344505998244416,22.8333333333333,-19.2561259656942,-4.00814962789044
"RO21","RO",2008,5.42065952342591,9559293460000,835884,0.205926301763029,3.87920288880615,6.51783781236269,8.5171210825506,0.0344505998244416,22.8333333333333,-22.5923485168102,-4.43178602776045
"RO22","RO",2008,5.44569011899986,16418267830000,1581273,0.338388986159057,4.62140399609561,7.33102140825568,4.32048232608408,0.0344505998244416,22.8333333333333,-27.7866255274906,-4.36074193277588
"RO31","RO",2008,7.10320219596883,19568170570000,1633005,0.378081252859472,4.40413301468568,7.05578068221522,8.29675992508666,0.0344505998244416,22.8333333333333,-27.7200947370742,-4.35549625257946
"RO32","RO",2008,6.66332674340758,528397100000,47781,0.436108872829848,4.45927706735786,6.76301126685519,1.99896113357893,0.0344505998244416,22.8333333333333,-26.9977471057532,-4.29373569935282
"RO41","RO",2008,4.15205348484789,10324194030000,929469,0.296793137046317,3.54844713244205,6.28615524048123,8.9828847313152,0.0344505998244416,22.8333333333333,-27.9335430162369,-3.47250900482089
"RO11","RO",2008,6.07111281051719,6118457760000,486747,0.277479823095577,3.70218389650547,6.23947175351561,5.56432921246741,0.0344505998244416,22.8333333333333,-18.0829113801149,-4.67434119056511
"RO42","RO",2008,8.8014043150848,9243532520000,692951,0.404373366271202,3.68357513386275,6.29772988925543,7.87005421111614,0.0344505998244416,22.8333333333333,-26.8565074863501,-3.96055363859597
"SE11","SE",2008,6.38105104378478,420684400000,27961,0.505075924595887,2.57889164886939,6.69452890321018,2.37337766319124,0.0664340670127998,5.17777777777778,-7.6395846349344,-5.67257270643029
"SE12","SE",2008,8.45741944688778,5.154146e+12,300814,0.585052887276848,2.83522589992352,6.75544043602405,3.21629245232151,0.0664340670127998,5.17777777777778,-6.89459844312303,-7.01468465568431
"SE21","SE",2008,10.8003898179386,1267104800000,76708,0.339067166073577,2.9614896027384,6.94520104619899,2.87966169589028,0.0664340670127998,5.17777777777778,-8.67732473698256,-8.69898126527373
"SE22","SE",2008,15.5231763059135,5478627600000,249091,0.527166595565287,3.25122917113691,7.29658828850158,1.31120789215736,0.0664340670127998,5.17777777777778,-9.73830168943141,-8.1296281638528
"SE23","SE",2008,11.311167860204,2978930300000,168181,0.773277448381445,2.78436084749163,7.12982300117174,3.1202346529203,0.0664340670127998,5.17777777777778,-7.2953422045874,-6.98188308461232
"SE31","SE",2008,10.5654040576563,522072500000,43078,0.621298302283633,2.42096776688262,7.65796913598733,1.21723922828993,0.0664340670127998,5.17777777777778,-5.0497034507361,-7.90750835528198
"SE32","SE",2008,6.73367456209697,46478600000,5400,0.0668124283521345,1.24065325704687,7.9475349286755,2.05502761948893,0.0664340670127998,5.17777777777778,-2.99447780669011,-11.9024068738848
"SE33","SE",2008,4.37373240965544,98749800000,11971,0.011778780219811,1.29552964994695,7.31090732788921,1.14249561187689,0.0664340670127998,5.17777777777778,-2.21475032941473,-7.22847279744803
"SI03","SI",2008,10.3487621438696,1836729190000,87762,0.415723870326298,3.43899037773661,5.57615951173995,5.03301988982846,0.114569764393478,1.11,-22.3450262742994,-6.85161348467743
"SI04","SI",2008,10.4963746201484,137394680000,7788,0.422669648892964,3.31675620061242,5.47728777409436,3.71174740536966,0.114569764393478,1.11,-21.0705352526963,-6.05953848571927
"SK01","SK",1998,7.71610907756687,413642800000,37470,0.583739491847577,3.67722697626636,6.33411375107789,4.18183901220307,0.0548848735507492,8.44,-20.7054475704019,-6.21163321396378
"SK02","SK",1998,7.27842428871642,6566202400000,485280,0.576924838259594,4.15700967157739,6.45833022623996,7.10914064608302,0.0548848735507492,8.44,-17.9997636455271,-6.59025745575854
"SK03","SK",1998,4.86553910199684,1065022300000,111710,0.519867504521512,3.75656227386633,5.77610626035997,4.64248980886854,0.0548848735507492,8.44,-14.2352771586137,-8.06297571302198
"SK04","SK",1998,5.80945308276348,1777078300000,199010,0.606076170554658,4.18814432992012,6.05243524881608,4.81960998065454,0.0548848735507492,8.44,-14.5148793779949,-8.31240340334359
"SK01","SK",2008,5.54590481463085,476255390000,35579,0.377730834360094,4.29580044705489,6.33411375107789,4.18183901220307,0.076771949693675,5.02,-19.0661851464705,-6.05059859052315
"SK02","SK",2008,5.6953209205092,6694951540000,456903,0.320207693149181,4.14321507770224,6.45833022623996,7.10914064608302,0.076771949693675,5.02,-18.3895834301315,-4.76022117937306
"SK03","SK",2008,5.19703004263676,1082380280000,91886,0.283287649418771,3.2840245670031,5.77610626035997,4.64248980886854,0.076771949693675,5.02,-15.9621547211674,-5.35398524591873
"SK04","SK",2008,3.88925271581957,464282410000,47984,0.268381444533361,2.41938690936693,6.05243524881608,4.81960998065454,0.076771949693675,5.02,-16.2390542566698,-5.72558570470581
