"Country","Year","meanPrec"
"AT","1961",6.68985054025805
"BE","1961",7.64578709718115
"BG","1961",4.52788624413156
"CY","1961",4.06359115759317
"CZ","1961",5.23809262637029
"DE","1961",7.04996936873475
"DK","1961",6.06161265537909
"EE","1961",6.07096722669592
"ES","1961",5.23864944423904
"FI","1961",5.43416505299488
"FR","1961",6.26194977995396
"GB","1961",6.70109674890257
"GR","1961",5.20367551142584
"HR","1961",6.91669081771767
"HU","1961",3.69841601945896
"IE","1961",8.64901008746572
"IT","1961",6.31701624343829
"LT","1961",5.04925823533217
"LU","1961",7.772377700952
"LV","1961",4.99607288039104
"MT","1961",0
"NL","1961",7.96831982920456
"PL","1961",4.97972384424096
"PT","1961",7.12232507864082
"RO","1961",3.60473466299754
"SE","1961",5.54656980605451
"SI","1961",9.66887952491683
"SK","1961",4.88599578880026
"AT","1962",7.3305185685049
"BE","1962",6.4321504502013
"BG","1962",4.83302013082129
"CY","1962",3.55791970489131
"CZ","1962",5.19843415256976
"DE","1962",5.64008187234218
"DK","1962",5.68481920316896
"EE","1962",6.85629682065396
"ES","1962",5.46304158549841
"FI","1962",5.47250970782835
"FR","1962",6.07588641610416
"GB","1962",6.19288029986937
"GR","1962",7.40593814110829
"HR","1962",8.03671565185208
"HU","1962",4.21528054126692
"IE","1962",8.39500059164787
"IT","1962",6.4260198564203
"LT","1962",5.7471501620427
"LU","1962",6.00498500231007
"LV","1962",6.45490492329639
"MT","1962",0
"NL","1962",6.09242860600701
"PL","1962",5.30923742312141
"PT","1962",6.06054180328101
"RO","1962",4.01019590799177
"SE","1962",5.56678821505124
"SI","1962",11.2772735563619
"SK","1962",5.57327112905357
"AT","1963",6.28133548916473
"BE","1963",5.68036264042283
"BG","1963",4.91176627854738
"CY","1963",2.95231410178492
"CZ","1963",4.91142104467285
"DE","1963",5.32740419985543
"DK","1963",5.80980120565528
"EE","1963",5.07470503201087
"ES","1963",6.47733969748098
"FI","1963",4.39301431198568
"FR","1963",6.79843236842728
"GB","1963",6.54162401655888
"GR","1963",6.5536782412711
"HR","1963",7.88359233299475
"HU","1963",5.06515471621431
"IE","1963",8.22425919097726
"IT","1963",7.98696580651969
"LT","1963",4.94578794037515
"LU","1963",5.61360269133373
"LV","1963",4.518132135345
"MT","1963",0
"NL","1963",5.82947625130875
"PL","1963",4.49196684114212
"PT","1963",10.6672299050155
"RO","1963",3.7195751203792
"SE","1963",5.02199899185338
"SI","1963",10.8299207161733
"SK","1963",5.32643234482494
"AT","1964",7.31893457197673
"BE","1964",5.98715567570621
"BG","1964",4.68078021909638
"CY","1964",3.52266186281002
"CZ","1964",4.84388633989938
"DE","1964",5.04123353241555
"DK","1964",4.93496445378353
"EE","1964",4.67700845013732
"ES","1964",4.12585118441211
"FI","1964",4.10333212005035
"FR","1964",5.60730248211754
"GB","1964",5.48728687558162
"GR","1964",5.33103333317651
"HR","1964",8.98337558550551
"HU","1964",5.16809471697772
"IE","1964",8.64614945662474
"IT","1964",7.19854983997224
"LT","1964",4.36275110108341
"LU","1964",5.5937000601413
"LV","1964",4.68535830843385
"MT","1964",0
"NL","1964",5.74547166961214
"PL","1964",4.42808471601601
"PT","1964",5.64728013482535
"RO","1964",4.35915197057109
"SE","1964",4.52816246488411
"SI","1964",10.5829762155408
"SK","1964",5.60862076050638
"AT","1965",8.83417517676751
"BE","1965",8.62196042849013
"BG","1965",4.45026671097464
"CY","1965",3.70585128546154
"CZ","1965",6.37044290337284
"DE","1965",7.88686766088447
"DK","1965",5.86923731019963
"EE","1965",5.02198034161039
"ES","1965",4.93971709992893
"FI","1965",4.5990409227674
"FR","1965",8.11758213671913
"GB","1965",7.43905701548189
"GR","1965",5.61678102838808
"HR","1965",9.26163986457439
"HU","1965",6.34388421678482
"IE","1965",9.67377346602522
"IT","1965",6.61240550387215
"LT","1965",5.11507561869583
"LU","1965",9.50287180847513
"LV","1965",5.09528566231155
"MT","1965",0
"NL","1965",8.27319577856736
"PL","1965",5.11485486141754
"PT","1965",7.89064664610972
"RO","1965",3.91513599888845
"SE","1965",5.47802242519478
"SI","1965",13.0267157823223
"SK","1965",7.30070471571497
"AT","1966",8.52600772641734
"BE","1966",8.8250950359151
"BG","1966",6.64124252494126
"CY","1966",3.55788968867964
"CZ","1966",6.64848443380308
"DE","1966",7.79788034381591
"DK","1966",6.63696156057408
"EE","1966",6.43161516964212
"ES","1966",5.14049834397732
"FI","1966",4.9068999713184
"FR","1966",7.89798062285131
"GB","1966",7.73230742324845
"GR","1966",6.27889056605909
"HR","1966",9.17738259891253
"HU","1966",5.90182755662105
"IE","1966",9.84244130164703
"IT","1966",7.46088640081288
"LT","1966",5.73043729234057
"LU","1966",9.22799906556954
"LV","1966",5.83020976420286
"MT","1966",0
"NL","1966",8.55352293785089
"PL","1966",6.0592248195668
"PT","1966",8.43442097670756
"RO","1966",5.44907772185961
"SE","1966",5.68379043470276
"SI","1966",10.9454808322544
"SK","1966",6.95302959207607
"AT","1967",6.73453354315691
"BE","1967",6.12827928586651
"BG","1967",4.6295617567198
"CY","1967",4.2782253539547
"CZ","1967",5.42368715880021
"DE","1967",6.70868500053092
"DK","1967",6.98523125124643
"EE","1967",6.17323127941469
"ES","1967",4.28869932335178
"FI","1967",5.32499717331648
"FR","1967",6.15680062776246
"GB","1967",7.43164349917588
"GR","1967",5.08987606855697
"HR","1967",7.6348718595661
"HU","1967",4.23209742884632
"IE","1967",8.96358181135298
"IT","1967",5.93581301676945
"LT","1967",5.87104482739279
"LU","1967",8.01606037433514
"LV","1967",5.727970532117
"MT","1967",0
"NL","1967",6.75933169616798
"PL","1967",5.82016916247676
"PT","1967",5.24999999789283
"RO","1967",3.86779678637976
"SE","1967",6.25603213496295
"SI","1967",9.22313024939832
"SK","1967",5.26535931125931
"AT","1968",6.56842788705641
"BE","1968",6.46352860448957
"BG","1968",4.62475070998674
"CY","1968",4.14848325004002
"CZ","1968",5.4983073893051
"DE","1968",6.69585452384573
"DK","1968",6.17900868839646
"EE","1968",5.32211892285597
"ES","1968",4.79419855748223
"FI","1968",4.64308506680932
"FR","1968",7.21834147420174
"GB","1968",7.2562012883391
"GR","1968",6.12659969880689
"HR","1968",6.81856010631687
"HU","1968",4.12564661465469
"IE","1968",9.08614146235363
"IT","1968",6.87288646643123
"LT","1968",5.01061112123518
"LU","1968",7.76625751711413
"LV","1968",5.05080476834752
"MT","1968",0
"NL","1968",7.17641973556874
"PL","1968",5.08107082971305
"PT","1968",7.39425697305098
"RO","1968",4.34078260762591
"SE","1968",5.31787657008297
"SI","1968",9.59918294426829
"SK","1968",5.4816431272379
"AT","1969",6.59432859376471
"BE","1969",6.20199180441172
"BG","1969",5.46218377811609
"CY","1969",3.85288969611378
"CZ","1969",4.45916748449044
"DE","1969",5.78001808211519
"DK","1969",4.88946506516328
"EE","1969",5.21107210727332
"ES","1969",6.51323398937457
"FI","1969",4.08718744987393
"FR","1969",6.71622764841698
"GB","1969",6.67741769492488
"GR","1969",5.56852970600082
"HR","1969",8.74838099269555
"HU","1969",5.22780020824443
"IE","1969",7.43386388133995
"IT","1969",7.16174928916621
"LT","1969",4.82437898867627
"LU","1969",6.44429390905741
"LV","1969",5.00827660557847
"MT","1969",0
"NL","1969",6.06401510171816
"PL","1969",3.99249271463111
"PT","1969",8.84190032833949
"RO","1969",5.23181667355629
"SE","1969",4.72774887649052
"SI","1969",10.4728828135227
"SK","1969",5.23060267072909
"AT","1970",8.01717954739739
"BE","1970",6.67279811292845
"BG","1970",5.3940723201457
"CY","1970",2.60023982156229
"CZ","1970",6.26775821239937
"DE","1970",7.26640666613691
"DK","1970",6.02509084396223
"EE","1970",5.48576125565651
"ES","1970",4.25883160192522
"FI","1970",4.70194727510332
"FR","1970",6.60761384598894
"GB","1970",6.95163296640581
"GR","1970",4.9348801727334
"HR","1970",8.45850846925235
"HU","1970",5.39563429978727
"IE","1970",8.68609429578764
"IT","1970",5.94892913967358
"LT","1970",5.57209434290924
"LU","1970",8.31634476983143
"LV","1970",5.51114632646574
"MT","1970",0
"NL","1970",7.04086434422933
"PL","1970",6.27143830108742
"PT","1970",6.32839001704971
"RO","1970",5.5345561892559
"SE","1970",5.50948810213675
"SI","1970",10.3433566529766
"SK","1970",6.69587861228248
"AT","1971",5.20896625108161
"BE","1971",5.15876482050175
"BG","1971",5.64362797588493
"CY","1971",4.05790175239799
"CZ","1971",4.54645383463226
"DE","1971",4.82169279836067
"DK","1971",4.97059767102283
"EE","1971",5.43073503190324
"ES","1971",5.44520714569808
"FI","1971",4.3783676976824
"FR","1971",6.09732979381039
"GB","1971",5.99336704508924
"GR","1971",6.11103698363891
"HR","1971",5.68462492411699
"HU","1971",3.55215785850792
"IE","1971",6.69746379639472
"IT","1971",6.69242551737159
"LT","1971",4.34116390068473
"LU","1971",5.53689368090736
"LV","1971",4.66711843079926
"MT","1971",0
"NL","1971",4.89221674030165
"PL","1971",4.26187724685826
"PT","1971",6.26459064035488
"RO","1971",4.40464170113587
"SE","1971",4.85105064095252
"SI","1971",7.64570028983912
"SK","1971",4.72095955188436
"AT","1972",7.02395945863901
"BE","1972",5.97114452758656
"BG","1972",5.46323292696623
"CY","1972",2.27244005542543
"CZ","1972",4.79955218940983
"DE","1972",5.32487286035083
"DK","1972",4.83105404188241
"EE","1972",5.56200842967027
"ES","1972",5.93307423368207
"FI","1972",4.68459889246927
"FR","1972",6.38310001957357
"GB","1972",6.34553875649842
"GR","1972",6.2394573657816
"HR","1972",9.02633790318193
"HU","1972",5.02821508439353
"IE","1972",8.52408450161806
"IT","1972",8.05795445491132
"LT","1972",5.82574396076539
"LU","1972",6.50679146532646
"LV","1972",5.19166136839632
"MT","1972",0
"NL","1972",5.92073089131311
"PL","1972",5.00137198555006
"PT","1972",7.86709304575481
"RO","1972",5.15918445916638
"SE","1972",4.72845958067641
"SI","1972",11.4258123597428
"SK","1972",5.60682185810815
"AT","1973",6.25410044779225
"BE","1973",5.46067905465902
"BG","1973",4.89449396252388
"CY","1973",2.21384890097901
"CZ","1973",4.35535846695284
"DE","1973",5.56709806742712
"DK","1973",5.08132921422137
"EE","1973",5.90889421745521
"ES","1973",3.80061650548028
"FI","1973",4.62510432204623
"FR","1973",5.58146712456502
"GB","1973",5.49770503046444
"GR","1973",5.94809822246829
"HR","1973",6.45151704550989
"HU","1973",3.79085560077128
"IE","1973",8.0853015988747
"IT","1973",6.616929897354
"LT","1973",5.22690044689362
"LU","1973",5.91775953825823
"LV","1973",5.1312842840147
"MT","1973",0
"NL","1973",6.18557995033872
"PL","1973",4.48246080090755
"PT","1973",4.94153586050348
"RO","1973",3.69550417135165
"SE","1973",4.83520534250763
"SI","1973",8.94261440193675
"SK","1973",4.36517995378713
"AT","1974",7.2689940058738
"BE","1974",7.74145052276521
"BG","1974",4.25571159804222
"CY","1974",2.83084527626678
"CZ","1974",6.17966094976077
"DE","1974",6.94833102943838
"DK","1974",5.85344961083077
"EE","1974",5.7669279120137
"ES","1974",4.17751867558415
"FI","1974",6.25286996035505
"FR","1974",7.04465251269572
"GB","1974",7.28320041156355
"GR","1974",5.67184390390566
"HR","1974",8.85526234417818
"HU","1974",5.85954245913166
"IE","1974",9.2395020941469
"IT","1974",6.69522384535298
"LT","1974",6.29235011275952
"LU","1974",8.28167906174522
"LV","1974",5.64896386610469
"MT","1974",0
"NL","1974",7.20066072335571
"PL","1974",5.98106799768448
"PT","1974",5.38231859083013
"RO","1974",4.78279231648119
"SE","1974",5.86342549416688
"SI","1974",10.3845565173528
"SK","1974",6.62004289713684
"AT","1975",6.80513584717435
"BE","1975",5.73271268502532
"BG","1975",5.21345535307692
"CY","1975",4.48650477828382
"CZ","1975",4.92915054246946
"DE","1975",5.21600427653904
"DK","1975",4.25021588714714
"EE","1975",5.16613763525022
"ES","1975",4.57767503979655
"FI","1975",4.13194202471928
"FR","1975",6.23705926970646
"GB","1975",5.60022535114391
"GR","1975",5.19552714649477
"HR","1975",7.10391972752806
"HU","1975",4.73092338041515
"IE","1975",7.35274614607595
"IT","1975",7.1330742502803
"LT","1975",4.21820324261328
"LU","1975",5.94648949636849
"LV","1975",4.26827660488549
"MT","1975",0
"NL","1975",5.60004741083028
"PL","1975",4.38820763753062
"PT","1975",5.45871720864936
"RO","1975",4.24863390831237
"SE","1975",4.20013567742594
"SI","1975",9.79090563757093
"SK","1975",5.30529951323544
"AT","1976",6.39637510733366
"BE","1976",4.29153591877621
"BG","1976",4.94387918783413
"CY","1976",3.53315948736932
"CZ","1976",4.73348823942997
"DE","1976",4.66783986074278
"DK","1976",4.24106019794972
"EE","1976",4.6841292108601
"ES","1976",5.15771170977858
"FI","1976",3.73598334303247
"FR","1976",5.61604618990949
"GB","1976",6.09785210855764
"GR","1976",6.08104336886297
"HR","1976",8.00440686177642
"HU","1976",4.78343049072426
"IE","1976",7.9855528027376
"IT","1976",8.62384223395677
"LT","1976",4.16576980238266
"LU","1976",5.35297405734629
"LV","1976",4.40622226157114
"MT","1976",0
"NL","1976",4.49297752985138
"PL","1976",4.39259692505885
"PT","1976",7.0455073766182
"RO","1976",4.24800635725426
"SE","1976",4.41134995184358
"SI","1976",9.49254436770073
"SK","1976",5.51694082927143
"AT","1977",6.26073707421513
"BE","1977",6.9357086880291
"BG","1977",4.61390550448277
"CY","1977",2.87540767630406
"CZ","1977",5.80273987202249
"DE","1977",6.51099690392817
"DK","1977",5.79323371722758
"EE","1977",6.18585861349262
"ES","1977",5.44009077157583
"FI","1977",5.38960173512795
"FR","1977",7.63739743923414
"GB","1977",7.04257242033511
"GR","1977",4.16197239644778
"HR","1977",7.40721954239739
"HU","1977",4.50827100447327
"IE","1977",9.32389473395769
"IT","1977",6.66410242729201
"LT","1977",5.68216610328183
"LU","1977",8.54409184439216
"LV","1977",5.84680787144564
"MT","1977",0
"NL","1977",6.50124061559693
"PL","1977",5.30087513123492
"PT","1977",8.83682783116587
"RO","1977",3.98780379364247
"SE","1977",6.30821977843136
"SI","1977",9.51824463863555
"SK","1977",5.24177656499804
"AT","1978",5.70140285615365
"BE","1978",6.03397140469054
"BG","1978",5.08502600617515
"CY","1978",3.76545566832312
"CZ","1978",5.06759400462681
"DE","1978",6.315686569912
"DK","1978",5.72108828954429
"EE","1978",7.15204776964161
"ES","1978",4.77052663141579
"FI","1978",3.89198084272394
"FR","1978",6.65047950261697
"GB","1978",6.74989237264052
"GR","1978",6.14182521895137
"HR","1978",7.18572263607192
"HU","1978",4.67219292824895
"IE","1978",8.64701007022694
"IT","1978",7.50024953436741
"LT","1978",6.08558387342918
"LU","1978",6.846065324997
"LV","1978",6.57246084039872
"MT","1978",0
"NL","1978",5.80970738286132
"PL","1978",5.2114161317491
"PT","1978",8.09814461220462
"RO","1978",4.86411627982509
"SE","1978",5.04655782374787
"SI","1978",9.51943747152468
"SK","1978",4.76372403083504
"AT","1979",7.77912080363182
"BE","1979",7.05979166103
"BG","1979",5.34627351306949
"CY","1979",3.65945449394645
"CZ","1979",5.87554563811772
"DE","1979",6.44630280649176
"DK","1979",6.192140160597
"EE","1979",5.55553839773721
"ES","1979",5.49699959502638
"FI","1979",5.1977316724185
"FR","1979",7.81751933880539
"GB","1979",7.37398215688994
"GR","1979",6.61083879972161
"HR","1979",8.00811327392784
"HU","1979",5.13895247647887
"IE","1979",9.43065897294564
"IT","1979",7.95610027919559
"LT","1979",5.48382342978574
"LU","1979",8.31902954357113
"LV","1979",5.21701191314394
"MT","1979",0
"NL","1979",6.90654843075947
"PL","1979",4.86674797617767
"PT","1979",8.24009030458892
"RO","1979",4.95569480672442
"SE","1979",5.79557757299302
"SI","1979",11.1799766579234
"SK","1979",5.84310629177065
"AT","1980",6.94581068261945
"BE","1980",7.19589348242851
"BG","1980",5.37731932734864
"CY","1980",2.7705516009223
"CZ","1980",5.59566748411359
"DE","1980",6.59485733732035
"DK","1980",6.85055293204262
"EE","1980",5.91591857241446
"ES","1980",4.00066127140061
"FI","1980",4.92635896510336
"FR","1980",6.87912331079206
"GB","1980",7.24803225775302
"GR","1980",6.34472158378581
"HR","1980",8.58231812970682
"HU","1980",5.41638848774326
"IE","1980",9.61986271240533
"IT","1980",7.31340200601694
"LT","1980",6.67573046935733
"LU","1980",8.00649706683235
"LV","1980",6.20737145074415
"MT","1980",0
"NL","1980",6.6587950660732
"PL","1980",5.57440942596296
"PT","1980",4.52073088223949
"RO","1980",5.34724245708757
"SE","1980",5.9194699622503
"SI","1980",10.8925606801508
"SK","1980",6.05855013021236
"AT","1981",6.99760925922833
"BE","1981",8.12421809112968
"BG","1981",5.02980164393466
"CY","1981",4.13452642832657
"CZ","1981",6.49255547393215
"DE","1981",7.79140215370167
"DK","1981",6.73987403293859
"EE","1981",7.58340729985121
"ES","1981",3.93458142711941
"FI","1981",6.1538613913754
"FR","1981",7.63097466871854
"GB","1981",7.34297430873429
"GR","1981",5.97626480798368
"HR","1981",8.30449678898018
"HU","1981",4.64699127413237
"IE","1981",9.20354683406271
"IT","1981",6.2076334719666
"LT","1981",6.47375933707285
"LU","1981",9.41509479028498
"LV","1981",6.65362431653333
"MT","1981",0
"NL","1981",7.44556004472761
"PL","1981",5.7586213990416
"PT","1981",5.62056607110352
"RO","1981",4.85808199146494
"SE","1981",6.06351872888249
"SI","1981",9.69571427100735
"SK","1981",5.4750223684678
"AT","1982",6.60707707855382
"BE","1982",7.04476901783895
"BG","1982",4.83530684724951
"CY","1982",2.53458633161277
"CZ","1982",4.05700518230149
"DE","1982",5.42970435792084
"DK","1982",5.87258556240616
"EE","1982",5.3368652053875
"ES","1982",4.31053397133319
"FI","1982",4.58590813924411
"FR","1982",7.81582384825704
"GB","1982",7.4559857291961
"GR","1982",6.34000090997057
"HR","1982",7.28178008720559
"HU","1982",4.41883445855376
"IE","1982",10.051824134293
"IT","1982",7.64879138358371
"LT","1982",4.35501978657361
"LU","1982",7.48384482980131
"LV","1982",4.57251958570915
"MT","1982",0
"NL","1982",5.7797875652292
"PL","1982",2.67163474909947
"PT","1982",5.02600056738229
"RO","1982",3.82709313815412
"SE","1982",5.08282107334222
"SI","1982",10.7963772639215
"SK","1982",4.80245230851902
"AT","1983",5.86958729076213
"BE","1983",6.83809188650752
"BG","1983",4.27009822480111
"CY","1983",3.54779380651937
"CZ","1983",4.45694016030842
"DE","1983",6.14900747641274
"DK","1983",5.9625522212562
"EE","1983",6.20320976488153
"ES","1983",3.98159326197466
"FI","1983",5.42259097175039
"FR","1983",6.88709331864113
"GB","1983",6.61667581502413
"GR","1983",5.73495897009164
"HR","1983",5.87601988467873
"HU","1983",3.74098189645601
"IE","1983",8.95217526054467
"IT","1983",6.0857414453445
"LT","1983",5.90612706900856
"LU","1983",7.57635480748441
"LV","1983",5.63582312381622
"MT","1983",0
"NL","1983",7.00806588404428
"PL","1983",3.23367653271077
"PT","1983",6.43723641650878
"RO","1983",3.36112392519475
"SE","1983",5.33307756064696
"SI","1983",8.01112512772491
"SK","1983",4.55602898785961
"AT","1984",6.26351169229652
"BE","1984",7.69887378065739
"BG","1984",4.70310119923891
"CY","1984",3.61594721987817
"CZ","1984",4.86526558237832
"DE","1984",6.49179436414869
"DK","1984",5.83226960782947
"EE","1984",5.90522472395209
"ES","1984",4.83188362946254
"FI","1984",5.45789341024962
"FR","1984",7.45913792585457
"GB","1984",6.95284509596852
"GR","1984",5.32841170831104
"HR","1984",8.3767632744635
"HU","1984",4.87276798210535
"IE","1984",8.75963999156355
"IT","1984",7.96605939123622
"LT","1984",5.28984048074097
"LU","1984",8.49905186445413
"LV","1984",5.19309663894692
"MT","1984",0
"NL","1984",7.46752164970708
"PL","1984",3.15326789115007
"PT","1984",6.76170675656003
"RO","1984",4.77555283597286
"SE","1984",5.78148128821237
"SI","1984",10.3476143635176
"SK","1984",5.66286354161403
"AT","1985",7.34431271742274
"BE","1985",6.33249564715655
"BG","1985",3.62551378121675
"CY","1985",2.78154677223655
"CZ","1985",5.32718360540116
"DE","1985",5.74002493268028
"DK","1985",6.2683486560834
"EE","1985",6.36207770993201
"ES","1985",4.17932634653714
"FI","1985",4.87906558225547
"FR","1985",5.66139070557426
"GB","1985",6.94090447477554
"GR","1985",5.10226487070719
"HR","1985",7.22374796169704
"HU","1985",4.92324044649908
"IE","1985",9.34936122350563
"IT","1985",6.40462555174094
"LT","1985",5.95452173466336
"LU","1985",6.23671901142764
"LV","1985",5.87297300312339
"MT","1985",0
"NL","1985",6.75949381447697
"PL","1985",3.57355033175128
"PT","1985",6.97976191318519
"RO","1985",3.71379607438992
"SE","1985",6.23809789701596
"SI","1985",10.4227661530928
"SK","1985",5.94864067260338
"AT","1986",6.36337353164867
"BE","1986",7.37228558194074
"BG","1986",3.77067370223395
"CY","1986",2.78468227655374
"CZ","1986",5.52624262588475
"DE","1986",6.74279857939412
"DK","1986",5.53952256087668
"EE","1986",6.42627340731549
"ES","1986",4.17579569219378
"FI","1986",5.31695981034125
"FR","1986",7.02484309563985
"GB","1986",7.47611428285184
"GR","1986",5.52239793702737
"HR","1986",7.44030664372795
"HU","1986",4.01382641067336
"IE","1986",9.99074645091206
"IT","1986",6.92899146376973
"LT","1986",6.00921618572884
"LU","1986",7.68154187791957
"LV","1986",6.05330188645137
"MT","1986",0
"NL","1986",6.68250292524096
"PL","1986",2.83504358585885
"PT","1986",5.60200641149019
"RO","1986",3.04163567494622
"SE","1986",5.51778842419539
"SI","1986",9.75377681898692
"SK","1986",4.48535626615321
"AT","1987",7.63216770765712
"BE","1987",7.56542014660031
"BG","1987",4.88497205499696
"CY","1987",3.7173081279098
"CZ","1987",5.90983252081389
"DE","1987",6.90008256194633
"DK","1987",5.99191943626038
"EE","1987",6.41951496968611
"ES","1987",5.17768817600694
"FI","1987",4.98338184941388
"FR","1987",6.77920035986928
"GB","1987",6.96595882536889
"GR","1987",6.1497485120471
"HR","1987",7.78516641455956
"HU","1987",4.89753413157233
"IE","1987",8.02948635987681
"IT","1987",6.9374284363059
"LT","1987",5.69622361915569
"LU","1987",8.09396446679167
"LV","1987",5.4625371442831
"MT","1987",0
"NL","1987",7.2126451499816
"PL","1987",4.54114449171321
"PT","1987",7.47915005986473
"RO","1987",3.39889466623488
"SE","1987",5.5173683091348
"SI","1987",10.8458987427832
"SK","1987",5.20212017497867
"AT","1988",7.29357054679882
"BE","1988",7.99124475374215
"BG","1988",4.37917055602036
"CY","1988",4.39663671819176
"CZ","1988",5.61258851558622
"DE","1988",6.7414763259451
"DK","1988",6.66499208979739
"EE","1988",6.46314699467872
"ES","1988",4.66920783185515
"FI","1988",5.60873483520254
"FR","1988",7.01533466723913
"GB","1988",7.07911454772354
"GR","1988",5.19914071482111
"HR","1988",6.61795290410959
"HU","1988",4.39322007001407
"IE","1988",9.51968419155192
"IT","1988",6.27414857752991
"LT","1988",5.28654565132327
"LU","1988",8.63105537639764
"LV","1988",5.74091658995426
"MT","1988",0
"NL","1988",7.78434630199894
"PL","1988",4.53135279151759
"PT","1988",6.36516237819726
"RO","1988",4.02650621935406
"SE","1988",6.16195763380796
"SI","1988",9.07821665997821
"SK","1988",5.18159721160425
"AT","1989",6.69666781033258
"BE","1989",5.88457462129494
"BG","1989",4.0832838225264
"CY","1989",2.37064747897377
"CZ","1989",4.57375355573626
"DE","1989",5.31618672956815
"DK","1989",4.61414735020122
"EE","1989",5.84660954659016
"ES","1989",5.50631327015535
"FI","1989",4.98845544640597
"FR","1989",5.22305300137081
"GB","1989",6.11498097001358
"GR","1989",4.01697512812811
"HR","1989",6.943724486274
"HU","1989",4.53874893435436
"IE","1989",8.16982503381347
"IT","1989",6.18412675096805
"LT","1989",5.78024533186579
"LU","1989",6.85714816312471
"LV","1989",5.75219963795748
"MT","1989",0
"NL","1989",5.49580815678012
"PL","1989",3.90439176190838
"PT","1989",8.52468619313574
"RO","1989",3.3231151537455
"SE","1989",4.54585763209408
"SI","1989",9.76788742961336
"SK","1989",4.68550122341654
"AT","1990",6.84885587396971
"BE","1990",6.25775974870996
"BG","1990",3.62348688638473
"CY","1990",2.1181414999711
"CZ","1990",4.55625327141543
"DE","1990",6.18540204143969
"DK","1990",6.38506403849986
"EE","1990",7.38799157475264
"ES","1990",3.96772104296582
"FI","1990",4.9812619283605
"FR","1990",6.03508852418447
"GB","1990",6.54068987159528
"GR","1990",4.77681065161443
"HR","1990",6.34760133026771
"HU","1990",4.17885106296808
"IE","1990",9.13135174477157
"IT","1990",6.98625573309105
"LT","1990",6.55152228670758
"LU","1990",7.33155687718453
"LV","1990",6.81307217026439
"MT","1990",0
"NL","1990",6.60245260151194
"PL","1990",4.58914444021593
"PT","1990",5.44588352362304
"RO","1990",2.30723718163458
"SE","1990",5.94812655177856
"SI","1990",9.89894259895653
"SK","1990",5.07559360112761
"AT","1991",6.68171024574068
"BE","1991",6.17170767009134
"BG","1991",5.23040364647425
"CY","1991",3.92412474061356
"CZ","1991",4.41345409834401
"DE","1991",4.97889334954092
"DK","1991",3.94678296719766
"EE","1991",6.44179025254446
"ES","1991",4.1880893181147
"FI","1991",5.28734715271469
"FR","1991",5.53306317453013
"GB","1991",5.98289837236381
"GR","1991",5.53495533027146
"HR","1991",7.73869967543417
"HU","1991",5.07158066109956
"IE","1991",7.91169690347231
"IT","1991",7.1478263703502
"LT","1991",4.95317821852183
"LU","1991",5.72920411863846
"LV","1991",5.48356106162918
"MT","1991",0
"NL","1991",5.42819172880274
"PL","1991",4.02268533966359
"PT","1991",5.07723233020244
"RO","1991",3.18817896347938
"SE","1991",5.13010955531652
"SI","1991",10.432637718267
"SK","1991",5.12606704042334
"AT","1992",6.46070765857619
"BE","1992",6.79697610431246
"BG","1992",3.50462316588823
"CY","1992",3.2293285317987
"CZ","1992",4.66091584871538
"DE","1992",6.13064247922245
"DK","1992",4.46750129845725
"EE","1992",5.53758239590943
"ES","1992",4.28253057715178
"FI","1992",5.46577996421758
"FR","1992",6.97900041130231
"GB","1992",7.26720009393032
"GR","1992",4.50670902296447
"HR","1992",7.47915058622564
"HU","1992",5.18413183711375
"IE","1992",8.34507326245449
"IT","1992",7.23445213566099
"LT","1992",5.19558662972828
"LU","1992",7.00638974947249
"LV","1992",5.19431438630035
"MT","1992",0
"NL","1992",6.8721845520151
"PL","1992",4.56220242195521
"PT","1992",4.76426303214845
"RO","1992",2.28942087562262
"SE","1992",5.44682448018521
"SI","1992",9.779360454373
"SK","1992",4.95411351246822
"AT","1993",6.29874547266239
"BE","1993",6.78955979104644
"BG","1993",4.21314492372977
"CY","1993",2.42685251473952
"CZ","1993",5.14306503243979
"DE","1993",6.91515090364629
"DK","1993",4.077718101332
"EE","1993",6.18807581040157
"ES","1993",4.32135685413868
"FI","1993",4.68557375056747
"FR","1993",6.95158092711297
"GB","1993",7.21639654574821
"GR","1993",4.98237696344076
"HR","1993",7.69758118734602
"HU","1993",4.47025448982735
"IE","1993",9.02724345417987
"IT","1993",6.98757614029028
"LT","1993",5.8822538583188
"LU","1993",7.81424405662986
"LV","1993",5.73213681061802
"MT","1993",0
"NL","1993",7.77676965080966
"PL","1993",4.7975389564796
"PT","1993",6.60557097050183
"RO","1993",3.00622710231911
"SE","1993",5.57883108866555
"SI","1993",9.14177406570821
"SK","1993",4.76050303549942
"AT","1994",6.53143513999458
"BE","1994",7.30025016518525
"BG","1994",4.47950170530349
"CY","1994",4.84052749741063
"CZ","1994",5.31729151633919
"DE","1994",7.00295276766765
"DK","1994",4.36206073234568
"EE","1994",6.04580805564529
"ES","1994",3.84786854450472
"FI","1994",4.89467411386908
"FR","1994",7.87945815342412
"GB","1994",7.26886006184645
"GR","1994",6.02859210781464
"HR","1994",7.42937667739052
"HU","1994",4.73290376304385
"IE","1994",9.91764768483659
"IT","1994",6.67726869684885
"LT","1994",5.70171616263841
"LU","1994",7.72769467035929
"LV","1994",5.80645036076734
"MT","1994",0
"NL","1994",7.97434281688951
"PL","1994",5.33942102394998
"PT","1994",5.78529313163237
"RO","1994",2.98785911040338
"SE","1994",5.65861269264701
"SI","1994",9.81879556782884
"SK","1994",6.08208392397973
"AT","1995",7.14484543379239
"BE","1995",6.72397837062552
"BG","1995",4.99291140970788
"CY","1995",1.84534772256796
"CZ","1995",6.12662676630124
"DE","1995",6.71241346160753
"DK","1995",3.57858698248827
"EE","1995",6.18524155929294
"ES","1995",4.05163317707299
"FI","1995",5.01275957895968
"FR","1995",6.95643378807957
"GB","1995",6.11490142580303
"GR","1995",5.50174640306562
"HR","1995",8.39724904734299
"HU","1995",5.34899606748267
"IE","1995",8.52493031460655
"IT","1995",7.01659855271761
"LT","1995",5.872063826895
"LU","1995",8.67858772247494
"LV","1995",5.40258080759178
"MT","1995",0
"NL","1995",6.39972259402136
"PL","1995",4.79256822753628
"PT","1995",6.79062922868714
"RO","1995",3.14759571228527
"SE","1995",5.49966624119345
"SI","1995",10.9136974554297
"SK","1995",5.87433757608675
"AT","1996",7.55678331469139
"BE","1996",5.22835337309553
"BG","1996",4.8556167060318
"CY","1996",3.16392689621706
"CZ","1996",4.92702105105045
"DE","1996",5.25732900188411
"DK","1996",3.14666140999214
"EE","1996",5.19117602116048
"ES","1996",6.04305679454389
"FI","1996",4.81019286591226
"FR","1996",6.36238264420194
"GB","1996",5.48486983534966
"GR","1996",6.26311918040451
"HR","1996",8.36153114695848
"HU","1996",4.77954081078805
"IE","1996",8.57663226296964
"IT","1996",8.69687557588293
"LT","1996",4.26913393693264
"LU","1996",5.9758583589879
"LV","1996",4.71208740461653
"MT","1996",0
"NL","1996",5.17088891640881
"PL","1996",4.7052855341731
"PT","1996",9.22098193114394
"RO","1996",3.32580635993913
"SE","1996",4.76062545096629
"SI","1996",10.7288912551827
"SK","1996",5.69692148997084
"AT","1997",6.92531929312184
"BE","1997",6.41430262488935
"BG","1997",4.922128156072
"CY","1997",2.9704976214422
"CZ","1997",4.76362348710823
"DE","1997",5.49504594237572
"DK","1997",3.43494250131184
"EE","1997",6.12326779148998
"ES","1997",5.9578570640391
"FI","1997",4.69030123342584
"FR","1997",5.95813186633255
"GB","1997",6.25090808994635
"GR","1997",5.19945325932111
"HR","1997",6.78817965488999
"HU","1997",3.83955761997773
"IE","1997",8.48931525415373
"IT","1997",6.13999558011048
"LT","1997",5.55482644377106
"LU","1997",7.9378343684201
"LV","1997",5.95588148674504
"MT","1997",0
"NL","1997",5.6634275493437
"PL","1997",5.06706184389185
"PT","1997",8.94037655948178
"RO","1997",3.54494537224436
"SE","1997",5.08180308374376
"SI","1997",8.81209377916643
"SK","1997",5.02127415694944
"AT","1998",6.72247792654114
"BE","1998",8.1939792430809
"BG","1998",4.87815432830268
"CY","1998",2.79754794611455
"CZ","1998",5.45218632250393
"DE","1998",7.17142843481569
"DK","1998",4.32063759565458
"EE","1998",6.96078186083153
"ES","1998",3.69617018942428
"FI","1998",5.77741750808604
"FR","1998",6.38600724271531
"GB","1998",7.53652395059792
"GR","1998",5.46343629952584
"HR","1998",8.15276838114042
"HU","1998",5.43120675214936
"IE","1998",9.88592466663565
"IT","1998",6.07469437069676
"LT","1998",6.39039766861923
"LU","1998",8.08265216961994
"LV","1998",6.2006076433487
"MT","1998",0
"NL","1998",8.89410228715435
"PL","1998",5.3543424970212
"PT","1998",4.9329701208298
"RO","1998",3.21005531786452
"SE","1998",6.52918407850767
"SI","1998",10.0591200301537
"SK","1998",5.82683028210863
"AT","1999",7.0918166887528
"BE","1999",7.6339251961107
"BG","1999",4.69566124082296
"CY","1999",2.33789569657626
"CZ","1999",4.3991215911532
"DE","1999",6.399868670123
"DK","1999",4.93967876988104
"EE","1999",5.92225373733914
"ES","1999",4.2494675504467
"FI","1999",4.84519043985918
"FR","1999",7.30942990054324
"GB","1999",7.54666953192007
"GR","1999",5.69873563996951
"HR","1999",7.90505834020598
"HU","1999",5.89838284508747
"IE","1999",10.1045192472734
"IT","1999",6.84852248766749
"LT","1999",5.3802021406468
"LU","1999",7.87651443993022
"LV","1999",5.54837619181244
"MT","1999",0
"NL","1999",7.14563085314598
"PL","1999",5.35313699516525
"PT","1999",5.96388362289959
"RO","1999",3.47126589430083
"SE","1999",6.09876326521194
"SI","1999",10.2767927211985
"SK","1999",6.12153623716699
"AT","2000",7.10408289708531
"BE","2000",8.23940725545587
"BG","2000",3.00611305399473
"CY","2000",4.12792567024342
"CZ","2000",4.2646931630542
"DE","2000",6.30856023178196
"DK","2000",4.71629499582966
"EE","2000",6.07345223840368
"ES","2000",4.8562399390529
"FI","2000",5.64864304890221
"FR","2000",7.35624261293212
"GB","2000",8.52902885130817
"GR","2000",4.02793738748746
"HR","2000",5.60886540747699
"HU","2000",3.63524262649078
"IE","2000",10.2089163357041
"IT","2000",7.07328635560508
"LT","2000",5.37783223397813
"LU","2000",9.35941369834536
"LV","2000",5.40848799834075
"MT","2000",0
"NL","2000",7.79550267518794
"PL","2000",5.49187267953423
"PT","2000",8.0359624826407
"RO","2000",2.22560184256829
"SE","2000",6.70784501513641
"SI","2000",9.29945143381782
"SK","2000",5.6540042128108
"AT","2001",6.76662309554999
"BE","2001",8.7352039881539
"BG","2001",3.96343016406843
"CY","2001",3.87820742611619
"CZ","2001",4.8137762323657
"DE","2001",7.13227437053293
"DK","2001",4.45109269671876
"EE","2001",7.02230056486326
"ES","2001",4.64191525347923
"FI","2001",5.21891882886335
"FR","2001",7.16286502366971
"GB","2001",6.49256923867072
"GR","2001",5.00507792198723
"HR","2001",7.48444514854807
"HU","2001",5.02688916015118
"IE","2001",8.28076899991341
"IT","2001",5.57493561364331
"LT","2001",6.24683636794783
"LU","2001",9.16414167388471
"LV","2001",6.57365858460461
"MT","2001",0
"NL","2001",8.09714066103268
"PL","2001",6.23030319204432
"PT","2001",7.49104308962629
"RO","2001",3.98208086153009
"SE","2001",5.44541467568618
"SI","2001",9.22534782522255
"SK","2001",6.26860206041143
"AT","2002",8.15787759571221
"BE","2002",8.31071564127046
"BG","2002",5.80162490158284
"CY","2002",3.53419064302712
"CZ","2002",6.04078416700083
"DE","2002",7.89880521720263
"DK","2002",5.61963882811115
"EE","2002",5.18851121808315
"ES","2002",4.96783416691621
"FI","2002",4.17240700023298
"FR","2002",6.96607821131541
"GB","2002",7.97207269837685
"GR","2002",6.56297750337549
"HR","2002",7.76830985631856
"HU","2002",4.26715807664729
"IE","2002",11.0122132025509
"IT","2002",7.36606822939447
"LT","2002",5.15057234614022
"LU","2002",8.21770707486632
"LV","2002",4.95072193190193
"MT","2002",0
"NL","2002",7.66122194459097
"PL","2002",5.3778507332378
"PT","2002",7.56861801134078
"RO","2002",3.68701832033109
"SE","2002",5.59478994142824
"SI","2002",10.0029365015742
"SK","2002",5.99905071288059
"AT","2003",5.46023547845982
"BE","2003",5.51036615261348
"BG","2003",5.32519035359915
"CY","2003",3.9262350155063
"CZ","2003",3.86681366034951
"DE","2003",4.68677778957338
"DK","2003",5.11954933732136
"EE","2003",6.03626027950522
"ES","2003",5.14202449236875
"FI","2003",4.57429726899243
"FR","2003",5.58710537989585
"GB","2003",5.4063119075163
"GR","2003",6.13868324028887
"HR","2003",5.82212290072927
"HU","2003",3.58510590879046
"IE","2003",7.28949020391469
"IT","2003",6.33254020316287
"LT","2003",5.03291829889118
"LU","2003",6.57305137981138
"LV","2003",5.23564193063664
"MT","2003",0
"NL","2003",5.51223724873646
"PL","2003",3.94130420373205
"PT","2003",7.27282069867946
"RO","2003",3.5269747070678
"SE","2003",5.14676244645982
"SI","2003",7.52454250051277
"SK","2003",3.95543235082737
"AT","2004",6.70779439392567
"BE","2004",6.44622123287146
"BG","2004",5.17155295679236
"CY","2004",4.16247600929396
"CZ","2004",5.16708661528396
"DE","2004",6.26323418652513
"DK","2004",6.36052617190573
"EE","2004",6.39878180847409
"ES","2004",4.26715864274477
"FI","2004",5.64626678497822
"FR","2004",6.31447843667482
"GB","2004",7.11673919895722
"GR","2004",5.52526245003063
"HR","2004",8.49245504450235
"HU","2004",5.29403778630013
"IE","2004",8.53566578485929
"IT","2004",7.3084438856935
"LT","2004",5.79229951343193
"LU","2004",6.77936124703484
"LV","2004",5.64878632151833
"MT","2004",0
"NL","2004",7.50149634543262
"PL","2004",4.84369894267807
"PT","2004",4.81311467201989
"RO","2004",4.58344007153475
"SE","2004",5.70064975844839
"SI","2004",10.5201424225594
"SK","2004",5.71703986703702
"AT","2005",7.39014042029579
"BE","2005",6.08565463343924
"BG","2005",7.22080595329595
"CY","2005",2.96540169206133
"CZ","2005",5.61259372290366
"DE","2005",5.96300066308091
"DK","2005",5.08250789445273
"EE","2005",5.08227433705151
"ES","2005",3.40832537418332
"FI","2005",5.13112122575992
"FR","2005",5.46140896368472
"GB","2005",6.25513527411521
"GR","2005",6.0981460819104
"HR","2005",8.63476585943934
"HU","2005",5.69930052289722
"IE","2005",8.46717228279278
"IT","2005",6.91210743832217
"LT","2005",5.25053190591574
"LU","2005",5.68273965345171
"LV","2005",5.20082803597656
"MT","2005",0
"NL","2005",6.75369558039676
"PL","2005",4.58617468878427
"PT","2005",4.14481414716261
"RO","2005",6.01526799524725
"SE","2005",5.07435713320958
"SI","2005",10.3956186713931
"SK","2005",6.2548991608087
"AT","2006",6.84080332771038
"BE","2006",6.46016737202253
"BG","2006",4.6887176212912
"CY","2006",2.75606116105867
"CZ","2006",5.63585437866019
"DE","2006",5.71911421181968
"DK","2006",6.16240302588361
"EE","2006",4.19280336586277
"ES","2006",4.76862031134644
"FI","2006",4.70188744469378
"FR","2006",6.74489910688958
"GB","2006",7.00185713723368
"GR","2006",5.53050938192309
"HR","2006",7.04057834670148
"HU","2006",4.71549497599616
"IE","2006",9.35915631938942
"IT","2006",5.84523448884211
"LT","2006",4.89365209067329
"LU","2006",6.91889969739847
"LV","2006",4.56475269133082
"MT","2006",0
"NL","2006",6.4564173724014
"PL","2006",4.52759057918506
"PT","2006",7.63892410361859
"RO","2006",4.38909115398347
"SE","2006",6.09869285011747
"SI","2006",8.83770070266045
"SK","2006",5.15891062991991
"AT","2007",7.70276662723863
"BE","2007",7.38778153426732
"BG","2007",5.43695330117989
"CY","2007",3.32887293710831
"CZ","2007",5.86579945729201
"DE","2007",7.56018527260499
"DK","2007",6.51255090419208
"EE","2007",5.31923968884606
"ES","2007",4.19471053382495
"FI","2007",5.55062592199418
"FR","2007",6.96148637902672
"GB","2007",7.43872353380578
"GR","2007",5.34435985267555
"HR","2007",7.73977187084698
"HU","2007",4.92591317540809
"IE","2007",8.78128378635376
"IT","2007",5.55738406161257
"LT","2007",6.36305911786551
"LU","2007",8.19630741170085
"LV","2007",5.6126624138681
"MT","2007",0
"NL","2007",8.02892556489166
"PL","2007",5.57088266233755
"PT","2007",4.58604431426446
"RO","2007",4.85566278157638
"SE","2007",6.01235778657026
"SI","2007",9.51813948646937
"SK","2007",6.09308877442086
"AT","2008",6.82666271692732
"BE","2008",7.0892355358293
"BG","2008",3.937033535001
"CY","2008",1.65818345238738
"CZ","2008",4.94404945340801
"DE","2008",6.00195211526462
"DK","2008",6.02188168591771
"EE","2008",6.50305244688238
"ES","2008",5.16385479066312
"FI","2008",6.07186478678967
"FR","2008",7.42714621726152
"GB","2008",8.1564269416766
"GR","2008",4.65543149063132
"HR","2008",7.26537573027814
"HU","2008",4.80060515997051
"IE","2008",10.428507699014
"IT","2008",7.4543240505721
"LT","2008",5.56052089452875
"LU","2008",7.42387219960104
"LV","2008",5.54834557346297
"MT","2008",0
"NL","2008",7.09931004949416
"PL","2008",4.98804088912883
"PT","2008",5.75204974241995
"RO","2008",4.22952542672542
"SE","2008",6.24298686136824
"SI","2008",10.1288375174061
"SK","2008",5.76121558420684
"AT","2009",8.43600544020655
"BE","2009",6.51715568303438
"BG","2009",5.59571934667024
"CY","2009",4.09732015756108
"CZ","2009",5.93784698910401
"DE","2009",6.23530485000516
"DK","2009",5.83021984473299
"EE","2009",6.64689044643766
"ES","2009",4.66530255458921
"FI","2009",4.16430819011922
"FR","2009",6.42556578823193
"GB","2009",7.27410307635552
"GR","2009",6.89623429940367
"HR","2009",7.30568101213094
"HU","2009",4.71645389546287
"IE","2009",10.728894128646
"IT","2009",7.63808310426011
"LT","2009",5.7672730949567
"LU","2009",7.04553398977735
"LV","2009",6.0515683272533
"MT","2009",0
"NL","2009",6.48600712754809
"PL","2009",5.61842321995124
"PT","2009",6.83573088285088
"RO","2009",4.39734207725171
"SE","2009",5.57848498006349
"SI","2009",10.2425793883513
"SK","2009",6.0356370806676
"AT","2010",7.50343017308109
"BE","2010",6.80226554622876
"BG","2010",6.37419905076558
"CY","2010",3.03605516162216
"CZ","2010",6.84492541681548
"DE","2010",6.70192580790949
"DK","2010",5.78576136141236
"EE","2010",6.79823125751501
"ES","2010",6.18486951185549
"FI","2010",4.570273321331
"FR","2010",6.69215705833875
"GB","2010",6.01935575757304
"GR","2010",6.09828506106861
"HR","2010",10.5057306704794
"HU","2010",7.50451829067147
"IE","2010",7.54524617582595
"IT","2010",8.78920105932814
"LT","2010",6.71273981595639
"LU","2010",6.9025947920636
"LV","2010",6.78385855958299
"MT","2010",0
"NL","2010",7.08282071266547
"PL","2010",6.53818564613743
"PT","2010",8.89530123331796
"RO","2010",5.82157955273746
"SE","2010",5.80035336057224
"SI","2010",11.6154225645891
"SK","2010",8.50077958911081
"AT","2011",5.96379414264917
"BE","2011",5.97687503047914
"BG","2011",4.25627461876858
"CY","2011",3.79191242729378
"CZ","2011",5.01681067219014
"DE","2011",5.74697998597152
"DK","2011",5.91573941726182
"EE","2011",5.80826215495108
"ES","2011",4.07783630334604
"FI","2011",5.53376920708518
"FR","2011",5.66002861324733
"GB","2011",6.45074634105054
"GR","2011",4.99432793456086
"HR","2011",4.97789184522495
"HU","2011",3.4069147552056
"IE","2011",8.71423753323928
"IT","2011",6.27695489632119
"LT","2011",5.63324094058657
"LU","2011",5.60828099104979
"LV","2011",5.30712210339072
"MT","2011",0
"NL","2011",6.78602526824021
"PL","2011",4.53279658435678
"PT","2011",6.46847059331915
"RO","2011",3.21959865161087
"SE","2011",5.86155566039677
"SI","2011",7.47892860494933
"SK","2011",4.47600603254944
"AT","2012",7.06837639396469
"BE","2012",7.49598763237293
"BG","2012",4.88329573036827
"CY","2012",5.07036568077473
"CZ","2012",5.55928251540237
"DE","2012",6.00790095189082
"DK","2012",6.52277076204597
"EE","2012",7.5651760204901
"ES","2012",4.07768029574581
"FI","2012",6.19766780165538
"FR","2012",6.84449803918233
"GB","2012",8.73321890570027
"GR","2012",5.95078275448361
"HR","2012",6.98611717614767
"HU","2012",3.80235332671954
"IE","2012",9.02447479594221
"IT","2012",6.54542101863493
"LT","2012",6.61942107122396
"LU","2012",7.78473806874957
"LV","2012",6.59829292477753
"MT","2012",0
"NL","2012",7.46678783755038
"PL","2012",4.96577165581442
"PT","2012",5.32787169776613
"RO","2012",4.03032536810944
"SE","2012",6.7049999908521
"SI","2012",9.53120209808513
"SK","2012",4.99534239264471
"AT","2013",7.44582767879078
"BE","2013",6.2444604171818
"BG","2013",4.90613020047982
"CY","2013",2.63533572946414
"CZ","2013",5.86993115281635
"DE","2013",6.19525730579317
"DK","2013",5.46546033670453
"EE","2013",5.18416664633858
"ES","2013",5.28457526266197
"FI","2013",4.9141472479268
"FR","2013",7.40237756201582
"GB","2013",6.5132457975863
"GR","2013",5.61943593121392
"HR","2013",9.00497988786826
"HU","2013",5.1662254901865
"IE","2013",8.17236329090129
"IT","2013",7.71943694223208
"LT","2013",5.31080554369325
"LU","2013",6.82719562974519
"LV","2013",4.94103943102166
"MT","2013",0
"NL","2013",6.45449088433625
"PL","2013",5.31764255369395
"PT","2013",7.23425008725397
"RO","2013",4.68732818167465
"SE","2013",4.59350748277891
"SI","2013",10.7116129626524
"SK","2013",6.04778502272253
"AT","2014",7.83953068153157
"BE","2014",6.50772489692023
"BG","2014",7.69189410512622
"CY","2014",3.15952036264006
"CZ","2014",5.59311203400589
"DE","2014",5.81613203148502
"DK","2014",6.44222923737148
"EE","2014",5.83902247647444
"ES","2014",4.76308543749431
"FI","2014",4.52101284901109
"FR","2014",7.37563576152813
"GB","2014",8.02190476311575
"GR","2014",6.68096958053814
"HR","2014",10.9568430978967
"HU","2014",6.12899393008062
"IE","2014",9.8140999349623
"IT","2014",8.48844111302105
"LT","2014",5.07128216857367
"LU","2014",6.12606786313409
"LV","2014",5.62378469082292
"MT","2014",0
"NL","2014",6.71640212447749
"PL","2014",4.90767200779488
"PT","2014",7.7772667628622
"RO","2014",5.93053745452773
"SE","2014",6.01462232072824
"SI","2014",13.0777801077684
"SK","2014",6.6496165457987
"AT","2015",5.97358243335127
"BE","2015",5.98716526996017
"BG","2015",5.7491705462313
"CY","2015",3.27134291895127
"CZ","2015",4.30611694431309
"DE","2015",5.66611774823522
"DK","2015",6.94401878712783
"EE","2015",5.62529491513186
"ES","2015",3.5941593261685
"FI","2015",5.60529556024603
"FR","2015",5.67214747992595
"GB","2015",7.38201601670759
"GR","2015",6.27001503407592
"HR","2015",7.75223900632052
"HU","2015",4.57665387450386
"IE","2015",10.3560738750023
"IT","2015",6.62913790302298
"LT","2015",4.65347773637561
"LU","2015",5.3493063909089
"LV","2015",4.75556441538773
"MT","2015",0
"NL","2015",7.66769543186891
"PL","2015",3.96835494520956
"PT","2015",4.56215217874114
"RO","2015",5.11554584159405
"SE","2015",5.86972537768394
"SI","2015",8.59220820264308
"SK","2015",5.14201148798788
"AT","2016",8.06658741262209
"BE","2016",6.60424246099574
"BG","2016",5.47973218570196
"CY","2016",3.1423261308042
"CZ","2016",5.50418852276489
"DE","2016",5.64823862683752
"DK","2016",5.46865281211047
"EE","2016",7.99307958462767
"ES","2016",4.83827127360798
"FI","2016",4.7578816969552
"FR","2016",6.69481049151175
"GB","2016",7.27081887306408
"GR","2016",5.46712639226665
"HR","2016",8.40106616596933
"HU","2016",5.78346342426983
"IE","2016",8.56735230585293
"IT","2016",6.87665823554932
"LT","2016",6.42775272839468
"LU","2016",6.63544913362749
"LV","2016",6.2955901014296
"MT","2016",0
"NL","2016",6.59189841141471
"PL","2016",5.92918883345279
"PT","2016",7.58298346871232
"RO","2016",6.54467280233358
"SE","2016",4.6877982078482
"SI","2016",10.3259570178525
"SK","2016",6.8102608607785
"AT","2017",7.24781194062856
"BE","2017",5.35292452049729
"BG","2017",5.15271912365385
"CY","2017",2.21824341283651
"CZ","2017",6.11429207353481
"DE","2017",6.57085049328189
"DK","2017",6.46570649315689
"EE","2017",8.04465544511763
"ES","2017",3.55245420498615
"FI","2017",4.8353946325745
"FR","2017",6.00968975740876
"GB","2017",7.13216257902863
"GR","2017",5.32550528378696
"HR","2017",8.25782139789387
"HU","2017",5.01795066648349
"IE","2017",8.99341223561255
"IT","2017",5.36885660477897
"LT","2017",6.76500082412208
"LU","2017",6.16048907675964
"LV","2017",6.68311090718248
"MT","2017",0
"NL","2017",7.22652446720854
"PL","2017",6.81862860664872
"PT","2017",4.4343853286227
"RO","2017",3.89951533304656
"SE","2017",5.75655673481032
"SI","2017",11.0839659239119
"SK","2017",6.21837258271981
