"Country","Year","meanTemp"
"AT","1961",8.46110167019989
"BE","1961",10.0940027970741
"BG","1961",11.2320717157493
"CY","1961",18.5497002229988
"CZ","1961",7.9702240414608
"DE","1961",9.25844963495933
"DK","1961",8.52137089513761
"EE","1961",6.33085208355767
"ES","1961",14.2574512344268
"FI","1961",4.62058466983127
"FR","1961",11.480165709005
"GB","1961",9.36158009865067
"GR","1961",14.7368051757008
"HR","1961",11.6748188382816
"HU","1961",11.1258245433125
"IE","1961",9.37365955726673
"IT","1961",13.9792378285705
"LT","1961",7.25421065841059
"LU","1961",9.15491516708198
"LV","1961",6.68454129890445
"MT","1961",0
"NL","1961",10.1037394735986
"PL","1961",8.42748556181433
"PT","1961",16.0279356814296
"RO","1961",10.064938256321
"SE","1961",6.69652807573296
"SI","1961",9.44813258332887
"SK","1961",8.87100845384254
"AT","1962",6.81353033090304
"BE","1962",8.20815028574752
"BG","1962",11.1471143120579
"CY","1962",19.3119303642703
"CZ","1962",6.36070766554036
"DE","1962",7.41829429607796
"DK","1962",7.10033791711234
"EE","1962",4.47227527459016
"ES","1962",13.4718271879697
"FI","1962",2.5112324150976
"FR","1962",9.81921668838112
"GB","1962",8.09832822650979
"GR","1962",14.7644569184091
"HR","1962",10.1025094040777
"HU","1962",9.78916217641801
"IE","1962",8.60562872376518
"IT","1962",13.1681009268801
"LT","1962",5.60229923588862
"LU","1962",7.33615264883953
"LV","1962",5.00195478785837
"MT","1962",0
"NL","1962",8.27693116246969
"PL","1962",6.8760408847266
"PT","1962",15.2515670668357
"RO","1962",9.51939470789333
"SE","1962",4.70477434625613
"SI","1962",7.75884691880621
"SK","1962",7.48382245369327
"AT","1963",6.97382812497697
"BE","1963",7.95306834217545
"BG","1963",10.6098383920292
"CY","1963",19.1172661135237
"CZ","1963",6.43331695357226
"DE","1963",7.30414940209512
"DK","1963",6.72005440559704
"EE","1963",3.962500021719
"ES","1963",12.990111381052
"FI","1963",2.58977032873702
"FR","1963",9.39807928237207
"GB","1963",7.93571655582418
"GR","1963",14.644058683901
"HR","1963",10.2110976690843
"HU","1963",9.74723961132175
"IE","1963",8.36398280826381
"IT","1963",13.0451196535913
"LT","1963",5.3898954973428
"LU","1963",7.19650693883201
"LV","1963",4.54582108026373
"MT","1963",0
"NL","1963",7.92030078848198
"PL","1963",6.55417901696755
"PT","1963",14.8852202654136
"RO","1963",9.21089265960725
"SE","1963",4.75082715480391
"SI","1963",7.94773575189123
"SK","1963",7.53750603115456
"AT","1964",7.4010926207061
"BE","1964",9.20596235682421
"BG","1964",10.3951610137375
"CY","1964",18.1658872114383
"CZ","1964",7.09328959370001
"DE","1964",8.31479031639948
"DK","1964",7.55598562352074
"EE","1964",4.88001873004721
"ES","1964",13.6272187704424
"FI","1964",3.21379184637314
"FR","1964",10.5060630996154
"GB","1964",8.9137623450396
"GR","1964",13.7976352975474
"HR","1964",10.2041063248007
"HU","1964",9.68180976493411
"IE","1964",9.36372478105137
"IT","1964",13.3372892884133
"LT","1964",5.80870737667524
"LU","1964",8.46858786355087
"LV","1964",5.33955272795998
"MT","1964",0
"NL","1964",9.26859200291234
"PL","1964",7.11732789257367
"PT","1964",15.4512998319325
"RO","1964",9.04248610834091
"SE","1964",5.70603322770683
"SI","1964",8.20585900306159
"SK","1964",7.69289244953003
"AT","1965",6.90040760160976
"BE","1965",8.63026498124455
"BG","1965",10.3176349987836
"CY","1965",18.4510792153631
"CZ","1965",6.53697542250014
"DE","1965",7.7757242847299
"DK","1965",7.06920308279119
"EE","1965",4.2094943586416
"ES","1965",13.2582088033005
"FI","1965",2.53393578970603
"FR","1965",10.0353620179621
"GB","1965",8.36064532694263
"GR","1965",13.7521779234069
"HR","1965",10.2203032563076
"HU","1965",9.48390675230959
"IE","1965",8.63052195844065
"IT","1965",12.8801801703842
"LT","1965",5.21480748911395
"LU","1965",7.69191613107615
"LV","1965",4.53593701158428
"MT","1965",0
"NL","1965",8.83078182417523
"PL","1965",6.1910091613503
"PT","1965",14.9846128954793
"RO","1965",8.83624730263319
"SE","1965",4.71367726702486
"SI","1965",7.85639588019692
"SK","1965",7.0230555966213
"AT","1966",8.26785553469233
"BE","1966",9.48024752286342
"BG","1966",11.7399374676587
"CY","1966",19.1087529419137
"CZ","1966",8.04285793405067
"DE","1966",8.78590000706271
"DK","1966",7.27188432377995
"EE","1966",3.79472847403645
"ES","1966",13.500052579207
"FI","1966",1.53189794751544
"FR","1966",10.8599211980808
"GB","1966",8.88005465832224
"GR","1966",14.877123206306
"HR","1966",11.3276637370868
"HU","1966",10.9582361962882
"IE","1966",9.25583926268885
"IT","1966",13.3873307373082
"LT","1966",6.04699946004299
"LU","1966",8.74772950476352
"LV","1966",4.96613206614601
"MT","1966",0
"NL","1966",9.56482325084089
"PL","1966",8.11871511798816
"PT","1966",15.2542436183136
"RO","1966",10.385777898433
"SE","1966",4.53631910732622
"SI","1966",9.11024741707396
"SK","1966",8.79152175764945
"AT","1967",8.35118886046626
"BE","1967",9.6232479216162
"BG","1967",10.7687666244418
"CY","1967",17.8622901776998
"CZ","1967",8.22039890406745
"DE","1967",9.18649992282951
"DK","1967",8.54254871648186
"EE","1967",5.20476592640822
"ES","1967",13.2271239796997
"FI","1967",3.36947275386238
"FR","1967",10.6578227902231
"GB","1967",9.10554491630167
"GR","1967",13.9422772102576
"HR","1967",11.0982084975483
"HU","1967",10.7719315804078
"IE","1967",9.10942467930478
"IT","1967",13.4537804431588
"LT","1967",6.87020352716723
"LU","1967",8.69718055544559
"LV","1967",5.97069050215241
"MT","1967",0
"NL","1967",10.0386821448398
"PL","1967",8.45905504746224
"PT","1967",14.969286509102
"RO","1967",9.7376589516676
"SE","1967",6.00923306915837
"SI","1967",8.876867398724
"SK","1967",8.63166062734922
"AT","1968",7.82077108485501
"BE","1968",8.9508804248125
"BG","1968",11.1129786248728
"CY","1968",18.7669065507482
"CZ","1968",7.55719945349552
"DE","1968",8.44283715795747
"DK","1968",7.91642531826902
"EE","1968",4.50564607660032
"ES","1968",13.5248076640568
"FI","1968",2.25196505511806
"FR","1968",10.3110358473013
"GB","1968",8.7994788951626
"GR","1968",14.1604383185018
"HR","1968",10.9281333658386
"HU","1968",10.6674793859683
"IE","1968",9.23074139654106
"IT","1968",13.1745343544096
"LT","1968",5.83488449003994
"LU","1968",8.02796904938649
"LV","1968",5.05718249944624
"MT","1968",0
"NL","1968",9.28470268642158
"PL","1968",7.86807304361673
"PT","1968",15.235815522178
"RO","1968",9.9927845235189
"SE","1968",5.26601727108172
"SI","1968",8.43204946603094
"SK","1968",8.36544689134231
"AT","1969",7.44807516016147
"BE","1969",9.189609456054
"BG","1969",10.267994692236
"CY","1969",18.5470023332454
"CZ","1969",7.04936887611661
"DE","1969",8.035235028107
"DK","1969",7.39372916078028
"EE","1969",3.41419474993613
"ES","1969",12.7237795802094
"FI","1969",2.00144751657077
"FR","1969",10.334039999412
"GB","1969",8.71593605844977
"GR","1969",14.1929879803071
"HR","1969",10.2513284903686
"HU","1969",9.97089138450444
"IE","1969",8.95424080765138
"IT","1969",12.910824641243
"LT","1969",4.62946093565691
"LU","1969",8.22959081941989
"LV","1969",3.98798972384781
"MT","1969",0
"NL","1969",9.26897239972609
"PL","1969",6.4388292207532
"PT","1969",14.6017816580149
"RO","1969",8.97264610435204
"SE","1969",4.99494266909082
"SI","1969",8.05112048153297
"SK","1969",7.80341787148303
"AT","1970",7.46516644215782
"BE","1970",9.17126043990184
"BG","1970",10.9875276663387
"CY","1970",18.750179755602
"CZ","1970",6.8947404299137
"DE","1970",7.96421398517904
"DK","1970",7.01816745241589
"EE","1970",4.03508426421688
"ES","1970",13.2643586541762
"FI","1970",2.39371664140638
"FR","1970",10.4072519734255
"GB","1970",8.99080209107317
"GR","1970",14.3740386497742
"HR","1970",10.4666465182563
"HU","1970",9.90353996729059
"IE","1970",9.25066725965214
"IT","1970",13.1735477756893
"LT","1970",5.40626789754455
"LU","1970",8.0905688969556
"LV","1970",4.7142997131392
"MT","1970",0
"NL","1970",9.12250703941178
"PL","1970",6.58089842095038
"PT","1970",15.0416221315657
"RO","1970",9.65768718146871
"SE","1970",4.40240894569679
"SI","1970",8.22612045660274
"SK","1970",7.74781400003214
"AT","1971",7.86037139448656
"BE","1971",9.43953103912316
"BG","1971",10.5964336896867
"CY","1971",18.1007194833504
"CZ","1971",7.47172676927894
"DE","1971",8.68797614168866
"DK","1971",8.2278172575501
"EE","1971",5.23570223558094
"ES","1971",12.5311277221856
"FI","1971",2.74142002097457
"FR","1971",10.4334574852856
"GB","1971",9.29651819808849
"GR","1971",13.779633681179
"HR","1971",10.5857957516149
"HU","1971",10.2545706589958
"IE","1971",9.70025207632943
"IT","1971",13.082685301465
"LT","1971",6.80706544703506
"LU","1971",8.48173653021708
"LV","1971",6.02418381005277
"MT","1971",0
"NL","1971",9.65245202868089
"PL","1971",7.67056107368367
"PT","1971",14.4258705882104
"RO","1971",9.64102855036853
"SE","1971",5.87470978295057
"SI","1971",8.36309524556669
"SK","1971",8.17672705874882
"AT","1972",7.57732113185836
"BE","1972",8.93933058196011
"BG","1972",10.7697266301325
"CY","1972",17.9696642454865
"CZ","1972",7.24715028097538
"DE","1972",8.13940169504842
"DK","1972",7.84286466166959
"EE","1972",5.56997191995061
"ES","1972",12.3007880256789
"FI","1972",4.23112969951876
"FR","1972",10.1164273643344
"GB","1972",8.72031862313736
"GR","1972",13.8849189187656
"HR","1972",10.6304951726568
"HU","1972",10.433217242487
"IE","1972",8.83877817689312
"IT","1972",13.0038896513312
"LT","1972",6.7599505037182
"LU","1972",7.87876747418083
"LV","1972",6.18664298673445
"MT","1972",0
"NL","1972",9.05979636073599
"PL","1972",7.60700721256434
"PT","1972",14.0416990708322
"RO","1972",9.84541041918141
"SE","1972",6.18019154662583
"SI","1972",8.28954252559973
"SK","1972",8.42646744606369
"AT","1973",7.65591597530157
"BE","1973",9.15999822821234
"BG","1973",10.3301515995169
"CY","1973",18.5965826934476
"CZ","1973",7.22113934540317
"DE","1973",8.48190087556803
"DK","1973",7.9314332025141
"EE","1973",5.26202246539351
"ES","1973",13.049740572551
"FI","1973",3.26902394936142
"FR","1973",10.2339217097846
"GB","1973",9.05551727397612
"GR","1973",13.6627710965104
"HR","1973",10.221833055338
"HU","1973",9.89144630331301
"IE","1973",9.48623962141441
"IT","1973",13.0713701393789
"LT","1973",6.62152365019895
"LU","1973",8.23542917337633
"LV","1973",5.80441559225666
"MT","1973",0
"NL","1973",9.55660114139458
"PL","1973",7.69107213455594
"PT","1973",14.7801101775783
"RO","1973",9.10119818293883
"SE","1973",6.03152662864842
"SI","1973",8.11993460161012
"SK","1973",8.07716785947284
"AT","1974",8.33691122826649
"BE","1974",9.43746512809267
"BG","1974",10.6836459968573
"CY","1974",18.4577937703624
"CZ","1974",7.91270764844278
"DE","1974",9.09457187028467
"DK","1974",8.24832807734742
"EE","1974",5.96699439531213
"ES","1974",12.9838785221377
"FI","1974",4.70090570714437
"FR","1974",10.5986991384159
"GB","1974",8.98015570099234
"GR","1974",13.7048250605704
"HR","1974",10.8741747374635
"HU","1974",10.530395215839
"IE","1974",9.06596677748051
"IT","1974",13.0578856338011
"LT","1974",6.96519528835299
"LU","1974",8.56227551689167
"LV","1974",6.32972985409338
"MT","1974",0
"NL","1974",9.89160228834561
"PL","1974",8.2757136834744
"PT","1974",14.5932620910328
"RO","1974",9.51693178957895
"SE","1974",6.6125417267905
"SI","1974",8.86769375560525
"SK","1974",8.74937199120486
"AT","1975",8.3004642173701
"BE","1975",9.46311889459201
"BG","1975",11.1603391939725
"CY","1975",18.7340527918699
"CZ","1975",8.00988800544047
"DE","1975",9.21545874521784
"DK","1975",8.65425224413767
"EE","1975",6.54715355704242
"ES","1975",13.042173796565
"FI","1975",4.71983259996017
"FR","1975",10.4373857513223
"GB","1975",9.37311128217642
"GR","1975",13.666903574682
"HR","1975",11.0936660940718
"HU","1975",10.5914202227891
"IE","1975",9.70100238989257
"IT","1975",13.1281780090487
"LT","1975",8.00932895582891
"LU","1975",8.6972305811607
"LV","1975",7.28243552364404
"MT","1975",0
"NL","1975",9.99456343923308
"PL","1975",8.6552464509037
"PT","1975",14.5737285692454
"RO","1975",10.0570249764232
"SE","1975",7.1320563016824
"SI","1975",9.00641925628258
"SK","1975",8.93044082825814
"AT","1976",7.84221013168049
"BE","1976",9.79753312787348
"BG","1976",9.99577245394126
"CY","1976",18.2859111506876
"CZ","1976",7.33136065730265
"DE","1976",8.66035995371557
"DK","1976",7.48935404564117
"EE","1976",3.51886704183264
"ES","1976",13.0524069375436
"FI","1976",1.72212922992674
"FR","1976",10.8779912858405
"GB","1976",9.39719989006516
"GR","1976",13.2206351374106
"HR","1976",10.097000758841
"HU","1976",9.63387122236541
"IE","1976",9.44279062270164
"IT","1976",12.6473926511598
"LT","1976",4.96431243098674
"LU","1976",8.85022456749545
"LV","1976",4.12216370935645
"MT","1976",0
"NL","1976",9.92267087246605
"PL","1976",6.92754729386205
"PT","1976",14.7511135544598
"RO","1976",8.55812444471848
"SE","1976",5.10680235464906
"SI","1976",8.126213882995
"SK","1976",7.98282610377666
"AT","1977",8.36495133462924
"BE","1977",9.30449788990486
"BG","1977",11.0536409651557
"CY","1977",18.900059897265
"CZ","1977",7.6498551763358
"DE","1977",8.91499296496066
"DK","1977",7.68493506106489
"EE","1977",4.5005430933688
"ES","1977",13.2253258578597
"FI","1977",2.74068818623286
"FR","1977",10.4595181566523
"GB","1977",8.86729198550205
"GR","1977",14.3852104836858
"HR","1977",11.10865538354
"HU","1977",10.2910885145315
"IE","1977",9.21358246672302
"IT","1977",13.2193942521115
"LT","1977",6.10424920129185
"LU","1977",8.43902192543263
"LV","1977",5.31303053139853
"MT","1977",0
"NL","1977",9.8023057078545
"PL","1977",7.99590988668518
"PT","1977",14.7022311025775
"RO","1977",9.66110040859267
"SE","1977",5.40723044411437
"SI","1977",8.91010738485758
"SK","1977",8.48443240222256
"AT","1978",7.25591032950847
"BE","1978",8.61901149531694
"BG","1978",10.2989459012859
"CY","1978",19.0384292356688
"CZ","1978",6.74294260973976
"DE","1978",8.02308563808646
"DK","1978",7.38405301808305
"EE","1978",3.74480336201883
"ES","1978",13.3866528148271
"FI","1978",1.67144994238898
"FR","1978",9.97765843178832
"GB","1978",8.75216309505602
"GR","1978",13.6208219381305
"HR","1978",9.84912103295808
"HU","1978",9.22579140920867
"IE","1978",9.29631079855339
"IT","1978",12.5452647499892
"LT","1978",5.43952147260972
"LU","1978",7.48136228864302
"LV","1978",4.53059091562222
"MT","1978",0
"NL","1978",9.1183637616208
"PL","1978",6.91373475370981
"PT","1978",14.9899093159241
"RO","1978",8.6855231319165
"SE","1978",4.87291031778578
"SI","1978",7.67051815274967
"SK","1978",7.48016304007331
"AT","1979",7.79963770380583
"BE","1979",8.39696651919988
"BG","1979",10.9832420539273
"CY","1979",19.3347723232471
"CZ","1979",7.14320765117153
"DE","1979",7.95012206224516
"DK","1979",6.34988591558015
"EE","1979",4.67936329096695
"ES","1979",13.5286177012315
"FI","1979",2.96394954220855
"FR","1979",10.1125364435534
"GB","1979",8.21632317370181
"GR","1979",14.1271004225731
"HR","1979",10.9878422059474
"HU","1979",10.3457041895879
"IE","1979",8.49160438341753
"IT","1979",13.0595036825116
"LT","1979",5.60391363365037
"LU","1979",7.62569851655431
"LV","1979",5.07255141458854
"MT","1979",0
"NL","1979",8.57259481368422
"PL","1979",6.924318426136
"PT","1979",14.8792597912723
"RO","1979",9.71189576221654
"SE","1979",4.60824989616609
"SI","1979",8.6168067133042
"SK","1979",8.36129833359028
"AT","1980",6.91976901208029
"BE","1980",8.68465827255038
"BG","1980",9.95584052417863
"CY","1980",18.6068943541685
"CZ","1980",6.23434153420311
"DE","1980",7.84769242938863
"DK","1980",7.08988941985835
"EE","1980",4.29091756778389
"ES","1980",13.3399916952142
"FI","1980",2.48089922957825
"FR","1980",9.82593023379792
"GB","1980",8.81480560301818
"GR","1980",13.5260433743355
"HR","1980",9.74923510592675
"HU","1980",8.91912141724847
"IE","1980",9.14958777081924
"IT","1980",12.4173091926363
"LT","1980",5.1134378409759
"LU","1980",7.59837830756157
"LV","1980",4.59163400676458
"MT","1980",0
"NL","1980",9.27014278811673
"PL","1980",6.47569516911968
"PT","1980",14.9398688104862
"RO","1980",8.38917849604004
"SE","1980",4.76312582844744
"SI","1980",7.66302522884405
"SK","1980",7.01203501388647
"AT","1981",7.90913721987728
"BE","1981",8.96442644403614
"BG","1981",10.7660856561151
"CY","1981",18.8244004421097
"CZ","1981",7.32156557362181
"DE","1981",8.36294505597914
"DK","1981",7.06446813968512
"EE","1981",5.09177901018062
"ES","1981",13.9876947543488
"FI","1981",2.65559599154239
"FR","1981",10.5262536491252
"GB","1981",8.63747022420183
"GR","1981",13.852911423718
"HR","1981",10.7266841190375
"HU","1981",10.1128968836261
"IE","1981",9.24522539232443
"IT","1981",13.0659619866292
"LT","1981",6.3871039659166
"LU","1981",7.93927141728099
"LV","1981",5.74335208718053
"MT","1981",0
"NL","1981",9.46453650880166
"PL","1981",7.6093347163872
"PT","1981",15.6851352278106
"RO","1981",9.29879378153129
"SE","1981",4.90812290700358
"SI","1981",8.54211016531849
"SK","1981",8.2145652188708
"AT","1982",8.17001246070984
"BE","1982",9.64738495076189
"BG","1982",10.5456258571559
"CY","1982",18.1187651083052
"CZ","1982",7.81953279628882
"DE","1982",9.09859518616712
"DK","1982",7.85909251228586
"EE","1982",5.39655433136495
"ES","1982",13.9397398649924
"FI","1982",3.28078199082423
"FR","1982",11.2988511766967
"GB","1982",9.27332291848972
"GR","1982",13.6441953939696
"HR","1982",10.9031803422466
"HU","1982",10.1593190109796
"IE","1982",9.44274613949186
"IT","1982",13.7553998745636
"LT","1982",6.69904566336653
"LU","1982",8.67073347686814
"LV","1982",5.94169525572513
"MT","1982",0
"NL","1982",10.1533181672691
"PL","1982",8.22895429568628
"PT","1982",15.1118156613947
"RO","1982",9.3729743673141
"SE","1982",5.88491874154965
"SI","1982",8.91760035623022
"SK","1982",8.56984300916691
"AT","1983",8.53664514869308
"BE","1983",9.62152191696395
"BG","1983",10.8106518412865
"CY","1983",17.8797961796502
"CZ","1983",8.11215574231386
"DE","1983",9.19673668108092
"DK","1983",8.18687466107641
"EE","1983",6.13391384225869
"ES","1983",13.9261581711451
"FI","1983",3.73009056863382
"FR","1983",11.0041387812939
"GB","1983",9.38113727372188
"GR","1983",13.4765308771811
"HR","1983",11.0532206043939
"HU","1983",10.6215927382127
"IE","1983",9.72202549695191
"IT","1983",13.4711794978045
"LT","1983",7.48607259603695
"LU","1983",8.67881740271272
"LV","1983",6.79677196019768
"MT","1983",0
"NL","1983",10.2192649552093
"PL","1983",8.76989739245988
"PT","1983",15.1139172512156
"RO","1983",9.79430175081315
"SE","1983",6.31959440705895
"SI","1983",9.01209152102937
"SK","1983",8.94809178053829
"AT","1984",7.40391190811162
"BE","1984",8.99203279177948
"BG","1984",10.6707780080707
"CY","1984",18.3811151844134
"CZ","1984",6.97178689197093
"DE","1984",8.1582469707146
"DK","1984",7.71994470198499
"EE","1984",5.60445694844081
"ES","1984",12.9941677135332
"FI","1984",3.95189634167573
"FR","1984",10.4062160435296
"GB","1984",9.13332907378162
"GR","1984",13.7769455154901
"HR","1984",10.1418746543165
"HU","1984",9.8605961385172
"IE","1984",9.37401837321929
"IT","1984",12.8491156748802
"LT","1984",6.63480473474955
"LU","1984",7.82532432425522
"LV","1984",5.98463108886028
"MT","1984",0
"NL","1984",9.49313551235651
"PL","1984",7.76984552873739
"PT","1984",14.6298671818529
"RO","1984",9.47253592100735
"SE","1984",6.10505368856668
"SI","1984",8.13858539275964
"SK","1984",8.04361110151012
"AT","1985",7.08215014986817
"BE","1985",8.0918933003316
"BG","1985",10.2457281889779
"CY","1985",18.5749401914702
"CZ","1985",6.39646720225958
"DE","1985",7.57899912885807
"DK","1985",6.24840264635124
"EE","1985",3.58930709959751
"ES","1985",13.8339276326805
"FI","1985",1.10525634672873
"FR","1985",9.93695752281921
"GB","1985",8.31406754722739
"GR","1985",14.1250136435648
"HR","1985",9.90109367515358
"HU","1985",9.06683727708934
"IE","1985",8.68438316408593
"IT","1985",13.5117960062468
"LT","1985",4.83107534352592
"LU","1985",7.15905690152466
"LV","1985",4.112504098963
"MT","1985",0
"NL","1985",8.57526334295702
"PL","1985",6.55145207793822
"PT","1985",15.2684280561385
"RO","1985",8.23906373109299
"SE","1985",3.70230735793597
"SI","1985",7.93599436684128
"SK","1985",7.22925726226733
"AT","1986",7.56985963305814
"BE","1986",8.57835599225511
"BG","1986",10.6379648272856
"CY","1986",18.623861008125
"CZ","1986",7.08022404854089
"DE","1986",8.04923943215519
"DK","1986",6.74964015431668
"EE","1986",4.89058988884942
"ES","1986",13.489400853174
"FI","1986",2.68280769218366
"FR","1986",10.1652614308932
"GB","1986",8.15493236033034
"GR","1986",13.9442865051915
"HR","1986",10.2545222546835
"HU","1986",9.76267178329902
"IE","1986",8.29372480667924
"IT","1986",13.5119631841009
"LT","1986",5.97628164199807
"LU","1986",7.58228550746502
"LV","1986",5.39366631971875
"MT","1986",0
"NL","1986",8.98449790760289
"PL","1986",7.14421395621813
"PT","1986",14.8184523744551
"RO","1986",9.22764312620233
"SE","1986",4.95773834971533
"SI","1986",8.17394958436315
"SK","1986",8.03660025468618
"AT","1987",7.36775930327502
"BE","1987",8.4559100552136
"BG","1987",10.2925077435008
"CY","1987",18.3037170626277
"CZ","1987",6.49682787268845
"DE","1987",7.56678642057335
"DK","1987",6.33112162917758
"EE","1987",3.29309925529059
"ES","1987",14.0857465073947
"FI","1987",1.29490538236683
"FR","1987",10.1962579750812
"GB","1987",8.53477114166024
"GR","1987",13.8295653529458
"HR","1987",10.3392445121422
"HU","1987",9.43806273777523
"IE","1987",9.04993772460755
"IT","1987",13.6057287593747
"LT","1987",4.57958744816621
"LU","1987",7.36936128753128
"LV","1987",3.85733757480958
"MT","1987",0
"NL","1987",8.81305595766666
"PL","1987",6.26437065564027
"PT","1987",15.6643423796337
"RO","1987",8.87840403173542
"SE","1987",4.01396023546821
"SI","1987",8.23867884720045
"SK","1987",7.56000603471392
"AT","1988",8.36815558947485
"BE","1988",9.81793934040192
"BG","1988",10.6887920684917
"CY","1988",18.5437648862386
"CZ","1988",7.80546720191083
"DE","1988",9.18386821254435
"DK","1988",8.25810953709239
"EE","1988",5.67472844204206
"ES","1988",13.7819102083885
"FI","1988",3.59655507063858
"FR","1988",11.0911030383297
"GB","1988",9.20731028155401
"GR","1988",14.0325997998014
"HR","1988",11.0340915269704
"HU","1988",10.1400199119985
"IE","1988",9.44912815303989
"IT","1988",13.9137111143602
"LT","1988",6.63617437799022
"LU","1988",8.75259475754258
"LV","1988",6.09216047241558
"MT","1988",0
"NL","1988",10.3650456543886
"PL","1988",7.9925155691715
"PT","1988",15.0795796793527
"RO","1988",9.26311572954098
"SE","1988",6.01298795575867
"SI","1988",9.04649857840702
"SK","1988",8.42183571938371
"AT","1989",8.5571501524558
"BE","1989",10.3558141275574
"BG","1989",11.0781706781996
"CY","1989",18.581594747891
"CZ","1989",8.21246446264857
"DE","1989",9.6220723237888
"DK","1989",8.95837277724321
"EE","1989",7.10495317498996
"ES","1989",14.6506205932353
"FI","1989",5.21578926128082
"FR","1989",11.5690003340214
"GB","1989",9.86905309695632
"GR","1989",13.7462365657094
"HR","1989",11.1745303324716
"HU","1989",10.5683205261983
"IE","1989",9.91783808165739
"IT","1989",13.6240756315659
"LT","1989",8.10727174075687
"LU","1989",9.20039910473628
"LV","1989",7.55814968694155
"MT","1989",0
"NL","1989",10.6261353275917
"PL","1989",9.16773782392122
"PT","1989",16.1053368936359
"RO","1989",9.90440137737335
"SE","1989",7.26885429682744
"SI","1989",9.24038283800816
"SK","1989",8.93177536684291
"AT","1990",8.51303215779742
"BE","1990",10.2895136348652
"BG","1990",11.4653746050442
"CY","1990",19.0044963897275
"CZ","1990",8.1557786685664
"DE","1990",9.61649049163596
"DK","1990",9.00766631151074
"EE","1990",6.5851217369699
"ES","1990",14.3809962755637
"FI","1990",4.55730228519304
"FR","1990",11.6357722505203
"GB","1990",9.99723712057991
"GR","1990",14.3574722196404
"HR","1990",11.4621041335687
"HU","1990",10.8501729685608
"IE","1990",9.90150949067634
"IT","1990",13.964370216218
"LT","1990",7.98819304329555
"LU","1990",9.18298396624312
"LV","1990",7.30382795229377
"MT","1990",0
"NL","1990",10.6287979874551
"PL","1990",8.91062627658403
"PT","1990",15.7971412446802
"RO","1990",10.4670844144997
"SE","1990",7.3323138857439
"SI","1990",9.30462185558659
"SK","1990",8.90422101936749
"AT","1991",7.39981885436345
"BE","1991",9.07351815949988
"BG","1991",9.99555664978391
"CY","1991",18.8458033196932
"CZ","1991",6.93066121751921
"DE","1991",8.40263288785298
"DK","1991",7.91207654584034
"EE","1991",6.74912920224756
"ES","1991",13.6614923320783
"FI","1991",4.06548197039186
"FR","1991",10.4810635546749
"GB","1991",9.00148777547994
"GR","1991",13.1520457277304
"HR","1991",10.2742954442878
"HU","1991",9.64404794585524
"IE","1991",9.45433570245195
"IT","1991",13.0830859970057
"LT","1991",7.11424641087364
"LU","1991",8.34947598039613
"LV","1991",6.63845497680025
"MT","1991",0
"NL","1991",9.30481038824045
"PL","1991",7.63223070070945
"PT","1991",15.4103660735452
"RO","1991",8.94645595821259
"SE","1991",6.27402407603189
"SI","1991",8.30452852161387
"SK","1991",7.90410630326709
"AT","1992",8.88203692343255
"BE","1992",9.892180959685
"BG","1992",10.8616976435845
"CY","1992",17.800719445272
"CZ","1992",8.28667760352049
"DE","1992",9.40346023288692
"DK","1992",8.77469281056313
"EE","1992",6.35335204895265
"ES","1992",13.5791455624394
"FI","1992",4.24247129672312
"FR","1992",10.9083693208062
"GB","1992",9.2230091836899
"GR","1992",13.5868279592278
"HR","1992",11.7291330964801
"HU","1992",10.9912709596832
"IE","1992",9.39256821879288
"IT","1992",13.7902475927399
"LT","1992",7.51740650398364
"LU","1992",9.1175149467415
"LV","1992",6.82464494515445
"MT","1992",0
"NL","1992",10.3627691923637
"PL","1992",8.56431754489201
"PT","1992",15.2947967146057
"RO","1992",9.80298971199585
"SE","1992",6.77732550241232
"SI","1992",9.63676475831955
"SK","1992",9.03740943256577
"AT","1993",7.85709353687032
"BE","1993",9.47163528463618
"BG","1993",10.516973766087
"CY","1993",18.5938849614964
"CZ","1993",7.32428415811941
"DE","1993",8.52086961180141
"DK","1993",7.3733763358807
"EE","1993",4.96929775601469
"ES","1993",13.0298996806566
"FI","1993",3.37988435620384
"FR","1993",10.5508321776021
"GB","1993",8.79603645848105
"GR","1993",13.8435985330477
"HR","1993",10.9654253604834
"HU","1993",10.1153042488379
"IE","1993",9.22322657836572
"IT","1993",13.7597883154515
"LT","1993",6.31757427836401
"LU","1993",8.55209578610511
"LV","1993",5.45169768423642
"MT","1993",0
"NL","1993",9.38968280331695
"PL","1993",7.60087113073048
"PT","1993",14.5125647969894
"RO","1993",9.12599388473134
"SE","1993",5.68743287939824
"SI","1993",8.93678803287314
"SK","1993",8.29677534976767
"AT","1994",9.25284192520126
"BE","1994",10.5318601565517
"BG","1994",11.8655572023025
"CY","1994",19.554076640726
"CZ","1994",8.58412841755245
"DE","1994",9.7486101541659
"DK","1994",8.32298139894565
"EE","1994",5.1352528151927
"ES","1994",14.2880309928075
"FI","1994",3.1273087407561
"FR","1994",11.8345640348309
"GB","1994",9.41524481739401
"GR","1994",14.8961044366875
"HR","1994",12.2686393194169
"HU","1994",11.6038290474263
"IE","1994",9.48077699247911
"IT","1994",14.5696650856708
"LT","1994",6.81778053733407
"LU","1994",9.70426657079104
"LV","1994",5.73939355024463
"MT","1994",0
"NL","1994",10.3934047173688
"PL","1994",8.723167625131
"PT","1994",15.4582483300237
"RO","1994",10.8774893349955
"SE","1994",6.03746189976993
"SI","1994",10.1183239516483
"SK","1994",9.68155193456048
"AT","1995",7.95532721562937
"BE","1995",10.2561541285932
"BG","1995",10.4440958442153
"CY","1995",18.8529376086
"CZ","1995",7.54228962090192
"DE","1995",8.92558839640999
"DK","1995",7.87002371041288
"EE","1995",6.1006086297117
"ES","1995",14.7681396358594
"FI","1995",3.96571648296812
"FR","1995",11.4682441834862
"GB","1995",9.69970967295203
"GR","1995",13.947216137414
"HR","1995",11.0695316555874
"HU","1995",10.3513126776756
"IE","1995",10.173182078747
"IT","1995",13.5497872053133
"LT","1995",6.9791611521055
"LU","1995",9.25204591252311
"LV","1995",6.38114594663042
"MT","1995",0
"NL","1995",10.1408005273393
"PL","1995",8.06734145737848
"PT","1995",16.4494857015948
"RO","1995",9.35762062876596
"SE","1995",5.87280509776761
"SI","1995",8.90137725726055
"SK","1995",8.45690820775206
"AT","1996",6.67957427175302
"BE","1996",8.44089088603046
"BG","1996",10.2466135170192
"CY","1996",19.1609112690393
"CZ","1996",5.92313660648636
"DE","1996",7.21458822751576
"DK","1996",6.43043706594932
"EE","1996",4.42610488023874
"ES","1996",13.809251415366
"FI","1996",2.90390182079209
"FR","1996",10.3332955522678
"GB","1996",8.57028458676958
"GR","1996",13.661176427103
"HR","1996",10.0723899633649
"HU","1996",9.31973981618339
"IE","1996",9.16640866648048
"IT","1996",13.37172523965
"LT","1996",5.41435918425373
"LU","1996",7.51167670079877
"LV","1996",4.72616716211347
"MT","1996",0
"NL","1996",8.25235837391074
"PL","1996",6.56102632378505
"PT","1996",15.3674562581446
"RO","1996",8.92573566669941
"SE","1996",4.75562326784865
"SI","1996",7.9307656128996
"SK","1996",7.32142513182491
"AT","1997",7.8332710695108
"BE","1997",10.0143654204098
"BG","1997",9.86524181944702
"CY","1997",18.4437649655971
"CZ","1997",7.22387978056721
"DE","1997",8.93440824613022
"DK","1997",8.18402229199781
"EE","1997",5.64617976848915
"ES","1997",14.7180939541909
"FI","1997",3.71910480236309
"FR","1997",11.6526431380459
"GB","1997",9.83716927431228
"GR","1997",13.5252870347355
"HR","1997",10.8019323910522
"HU","1997",9.93472894232972
"IE","1997",10.2696826913744
"IT","1997",14.1760625693701
"LT","1997",6.72918868658591
"LU","1997",9.12023451885658
"LV","1997",6.0385896151273
"MT","1997",0
"NL","1997",9.96831108927238
"PL","1997",7.77119819778262
"PT","1997",16.2578474172582
"RO","1997",8.70214158919793
"SE","1997",6.24045130878253
"SI","1997",8.86510267550601
"SK","1997",7.79453502294747
"AT","1998",8.25768795544265
"BE","1998",9.80081066827197
"BG","1998",10.803923196466
"CY","1998",19.5331534195861
"CZ","1998",7.75384425635607
"DE","1998",9.10173184730305
"DK","1998",7.84264086909057
"EE","1998",5.25280902012206
"ES","1998",14.1880462173338
"FI","1998",3.09222061207153
"FR","1998",11.0801274817834
"GB","1998",9.58201677395262
"GR","1998",14.1556406326219
"HR","1998",11.1204777092958
"HU","1998",10.3069093035284
"IE","1998",9.97913701040748
"IT","1998",14.0246103557424
"LT","1998",6.6155115665288
"LU","1998",8.80301894582139
"LV","1998",5.8305174642286
"MT","1998",0
"NL","1998",10.075187248279
"PL","1998",8.13128241003954
"PT","1998",15.6187034408502
"RO","1998",9.35327202994516
"SE","1998",5.59872660920334
"SI","1998",9.20623247500728
"SK","1998",8.35783210984625
"AT","1999",8.29591258166171
"BE","1999",10.368349024483
"BG","1999",11.5071408834311
"CY","1999",19.7348321250303
"CZ","1999",7.92047815677919
"DE","1999",9.53080408476178
"DK","1999",8.56789539879417
"EE","1999",6.46299624087687
"ES","1999",14.0243662582411
"FI","1999",3.94941371647403
"FR","1999",11.4455760438357
"GB","1999",9.85824294016565
"GR","1999",14.5786905655875
"HR","1999",11.4964371936959
"HU","1999",10.553864550862
"IE","1999",9.92651246531578
"IT","1999",14.1356712809266
"LT","1999",7.61060504887245
"LU","1999",9.34745502257775
"LV","1999",6.92881569087656
"MT","1999",0
"NL","1999",10.6451895869815
"PL","1999",8.85317948273597
"PT","1999",15.1313734899013
"RO","1999",10.4236457427512
"SE","1999",6.39255913742321
"SI","1999",9.26785717216902
"SK","1999",8.64779588907534
"AT","2000",9.09844314187058
"BE","2000",10.4477074844308
"BG","2000",11.6324728991696
"CY","2000",19.1232614191316
"CZ","2000",8.66599999306591
"DE","2000",9.91143834358787
"DK","2000",8.79156574451528
"EE","2000",7.01372658445496
"ES","2000",14.1112467150661
"FI","2000",5.09723838523046
"FR","2000",11.5036089053937
"GB","2000",9.54625872310371
"GR","2000",14.3054127988348
"HR","2000",12.445994341753
"HU","2000",11.6937991560438
"IE","2000",9.57023428831236
"IT","2000",14.5209639025868
"LT","2000",8.05330033528304
"LU","2000",9.62065877579524
"LV","2000",7.32756285054638
"MT","2000",0
"NL","2000",10.6622190958496
"PL","2000",9.39134748532444
"PT","2000",15.3134232363801
"RO","2000",10.7970814401869
"SE","2000",7.12794950435284
"SI","2000",10.3000233780165
"SK","2000",9.4567089553306
"AT","2001",8.14955843005294
"BE","2001",9.98059622592045
"BG","2001",11.3580566652419
"CY","2001",19.2154676108052
"CZ","2001",7.37318578788166
"DE","2001",9.01291051162993
"DK","2001",7.80896523144774
"EE","2001",5.90467229514812
"ES","2001",14.3044209240932
"FI","2001",3.56852256501952
"FR","2001",11.0380415810614
"GB","2001",9.21815234083187
"GR","2001",14.59875612914
"HR","2001",11.5149356237929
"HU","2001",10.4600512231052
"IE","2001",9.43969452832942
"IT","2001",14.4444246306862
"LT","2001",7.04246701183529
"LU","2001",9.10187117803745
"LV","2001",6.38253345734486
"MT","2001",0
"NL","2001",10.1119440521919
"PL","2001",8.05383452071261
"PT","2001",15.2420756620788
"RO","2001",9.90826106036807
"SE","2001",5.85299667737759
"SI","2001",9.44925304191982
"SK","2001",8.29647948105464
"AT","2002",8.87746827383408
"BE","2002",10.5083856257913
"BG","2002",11.3508438494375
"CY","2002",19.3759592654322
"CZ","2002",8.25490165212258
"DE","2002",9.54258268363772
"DK","2002",8.68942867135225
"EE","2002",6.09811798233595
"ES","2002",14.3285526508172
"FI","2002",3.73626477176785
"FR","2002",11.4827701638117
"GB","2002",9.8594967566262
"GR","2002",14.227369209671
"HR","2002",12.112486560602
"HU","2002",11.2917093353246
"IE","2002",9.87383748606855
"IT","2002",14.3492925585546
"LT","2002",7.63926566770184
"LU","2002",9.56656688743619
"LV","2002",6.76801747145022
"MT","2002",0
"NL","2002",10.533011484497
"PL","2002",8.86782116018403
"PT","2002",15.269618571268
"RO","2002",10.7287322526769
"SE","2002",6.5002430637477
"SI","2002",10.0351774191082
"SK","2002",9.04539855356747
"AT","2003",8.47579259164859
"BE","2003",10.3713389075974
"BG","2003",10.5909998997707
"CY","2003",19.5648682409053
"CZ","2003",8.04610655966841
"DE","2003",9.32515085236049
"DK","2003",8.2080744319403
"EE","2003",5.59157299918405
"ES","2003",14.6306192028647
"FI","2003",3.69782872406816
"FR","2003",11.7873740464677
"GB","2003",9.81931364096882
"GR","2003",14.1805813407805
"HR","2003",11.5675389480038
"HU","2003",10.3871078499732
"IE","2003",9.89989323944808
"IT","2003",14.8087768906146
"LT","2003",6.69027775893535
"LU","2003",9.78707585489366
"LV","2003",6.09830640380916
"MT","2003",0
"NL","2003",10.1806004063596
"PL","2003",7.98800995197418
"PT","2003",15.6439949760728
"RO","2003",9.74161503207345
"SE","2003",6.13373965425021
"SI","2003",9.60226419499887
"SK","2003",8.49202299112688
"AT","2004",7.88678672012073
"BE","2004",9.92897488829853
"BG","2004",10.9733150703363
"CY","2004",19.1884891455122
"CZ","2004",7.57683336107864
"DE","2004",8.89567846007054
"DK","2004",8.2501448236755
"EE","2004",5.83155429407829
"ES","2004",14.0653390014511
"FI","2004",3.95756510249094
"FR","2004",10.9166068313077
"GB","2004",9.82496276559913
"GR","2004",14.2342810356643
"HR","2004",10.8754898042104
"HU","2004",10.0932660335699
"IE","2004",9.83050118963348
"IT","2004",13.9931092279534
"LT","2004",6.55162815406419
"LU","2004",8.82150689673846
"LV","2004",6.09759630836757
"MT","2004",0
"NL","2004",10.1626404429322
"PL","2004",7.98093852458346
"PT","2004",15.381195352191
"RO","2004",9.83981316048168
"SE","2004",6.05693658902763
"SI","2004",8.81755369298341
"SK","2004",8.16027173911703
"AT","2005",7.64703350885184
"BE","2005",10.2065289765655
"BG","2005",10.4267651666561
"CY","2005",18.9258393429452
"CZ","2005",7.42017761523423
"DE","2005",8.90486619883316
"DK","2005",8.22565824844366
"EE","2005",5.83022469051866
"ES","2005",14.0461270115688
"FI","2005",4.48021995521282
"FR","2005",10.9455144173057
"GB","2005",9.7452250228146
"GR","2005",14.0507881921097
"HR","2005",10.2392780235171
"HU","2005",9.76007963327189
"IE","2005",9.99201662089335
"IT","2005",13.3661982585798
"LT","2005",6.63819856842482
"LU","2005",9.07557390738435
"LV","2005",6.069870220801
"MT","2005",0
"NL","2005",10.3617801935096
"PL","2005",8.0149991337195
"PT","2005",15.4490201181488
"RO","2005",9.38846234172699
"SE","2005",6.32766652549019
"SI","2005",8.44185341757059
"SK","2005",7.96500604634448
"AT","2006",8.16872735430935
"BE","2006",10.5430352430754
"BG","2006",10.8432104888485
"CY","2006",18.719604337244
"CZ","2006",7.9445819635217
"DE","2006",9.4435021421247
"DK","2006",8.85512549575756
"EE","2006",6.42710677840178
"ES","2006",14.8308170658772
"FI","2006",4.41493207098443
"FR","2006",11.5099373882713
"GB","2006",10.0776246316867
"GR","2006",14.0674457702669
"HR","2006",11.1972222322972
"HU","2006",10.4661927556391
"IE","2006",10.0842437570488
"IT","2006",13.966842154701
"LT","2006",7.18551978622333
"LU","2006",9.62994013532639
"LV","2006",6.70216292993737
"MT","2006",0
"NL","2006",10.8585205629458
"PL","2006",8.35172309261542
"PT","2006",15.7524174056298
"RO","2006",9.74127989475448
"SE","2006",6.76004207807918
"SI","2006",9.19855274957797
"SK","2006",8.53206521217905
"AT","2007",9.03460709885163
"BE","2007",10.5636593387664
"BG","2007",12.0516296009527
"CY","2007",19.2422061675458
"CZ","2007",8.64981147743701
"DE","2007",9.709502094621
"DK","2007",8.91330084698764
"EE","2007",6.69387643522817
"ES","2007",13.8668341027472
"FI","2007",4.56033884563798
"FR","2007",11.1997292115801
"GB","2007",9.88908775699966
"GR","2007",14.9959723000712
"HR","2007",12.1109567811944
"HU","2007",11.6384560936977
"IE","2007",10.262710572788
"IT","2007",14.3346335733881
"LT","2007",7.52812157180078
"LU","2007",9.70484025847769
"LV","2007",6.96895202863785
"MT","2007",0
"NL","2007",10.9151158438165
"PL","2007",8.97455178240127
"PT","2007",14.9957441996323
"RO","2007",11.1131949310034
"SE","2007",6.68651138771119
"SI","2007",10.0052987441619
"SK","2007",9.51592994641495
"AT","2008",8.87699843184564
"BE","2008",9.8935495033351
"BG","2008",11.6885845702951
"CY","2008",19.3938248912208
"CZ","2008",8.49048359508377
"DE","2008",9.34467551263479
"DK","2008",8.89192119414438
"EE","2008",7.0975093553952
"ES","2008",13.86610142051
"FI","2008",4.91872471471194
"FR","2008",10.8115652828717
"GB","2008",9.36250744386129
"GR","2008",14.9601876796903
"HR","2008",11.9921229537691
"HU","2008",11.4214197619688
"IE","2008",9.50733097970556
"IT","2008",14.2676352751447
"LT","2008",7.87714244853951
"LU","2008",8.89678144462764
"LV","2008",7.37502039806602
"MT","2008",0
"NL","2008",10.3092872256392
"PL","2008",9.07355102127888
"PT","2008",14.9103498659475
"RO","2008",10.7344500376647
"SE","2008",6.8672108411883
"SI","2008",9.90072363944782
"SK","2008",9.38708935830661
"AT","2009",8.59154213242068
"BE","2009",10.0123605222183
"BG","2009",11.5957448301701
"CY","2009",19.0843526110661
"CZ","2009",8.06761204272896
"DE","2009",9.00149864773158
"DK","2009",8.33554064805283
"EE","2009",5.83020595986857
"ES","2009",14.6671004633948
"FI","2009",3.73844815367785
"FR","2009",11.2215809478312
"GB","2009",9.4633709861959
"GR","2009",14.8533715896902
"HR","2009",11.8826623946334
"HU","2009",11.2931119896233
"IE","2009",9.48791518246364
"IT","2009",14.5427623943628
"LT","2009",6.74251373817077
"LU","2009",9.07110779045406
"LV","2009",6.17820761786452
"MT","2009",0
"NL","2009",10.1901568371876
"PL","2009",8.2273281256659
"PT","2009",15.7777696665646
"RO","2009",10.731595731602
"SE","2009",6.00660645594639
"SI","2009",9.8810923960439
"SK","2009",9.06117752939328
"AT","2010",7.57176744237971
"BE","2010",8.83750873302581
"BG","2010",11.4115122797466
"CY","2010",19.6048561697669
"CZ","2010",6.82937980403177
"DE","2010",7.60798155842428
"DK","2010",6.40428735387206
"EE","2010",4.84784642829445
"ES","2010",13.8242403421842
"FI","2010",2.4407447817528
"FR","2010",10.1742604890542
"GB","2010",8.32328889091514
"GR","2010",15.2568525845137
"HR","2010",10.8333870331545
"HU","2010",10.1589565343017
"IE","2010",8.45549230977367
"IT","2010",13.8225625881694
"LT","2010",5.90926841277121
"LU","2010",7.94805402338445
"LV","2010",5.40648464405763
"MT","2010",0
"NL","2010",8.69734902244518
"PL","2010",7.20908158565108
"PT","2010",15.406920151105
"RO","2010",10.1400289338188
"SE","2010",4.14981860457795
"SI","2010",8.89717551408445
"SK","2010",8.15958334263504
"AT","2011",8.74782043312882
"BE","2011",10.7840568111265
"BG","2011",10.7243387758177
"CY","2011",18.5580335469555
"CZ","2011",8.32339071029828
"DE","2011",9.51909228150249
"DK","2011",8.45138670327278
"EE","2011",6.72372660342227
"ES","2011",14.8864272915331
"FI","2011",4.88114992892284
"FR","2011",11.997516102228
"GB","2011",10.0378743458737
"GR","2011",14.1785584177889
"HR","2011",11.5714572941458
"HU","2011",10.8076532867949
"IE","2011",9.73267792358659
"IT","2011",14.5565011343205
"LT","2011",7.2668949540143
"LU","2011",9.84563385498545
"LV","2011",6.92010283692297
"MT","2011",0
"NL","2011",10.5966643219123
"PL","2011",8.56136772351648
"PT","2011",15.7928693042938
"RO","2011",9.84382201009243
"SE","2011",6.7843128730262
"SI","2011",9.8363912363148
"SK","2011",8.83852054212998
"AT","2012",8.66945199164321
"BE","2012",9.84932878881893
"BG","2012",11.8226095782774
"CY","2012",18.8788371028946
"CZ","2012",8.12472402521903
"DE","2012",8.90995578920205
"DK","2012",7.88713356989001
"EE","2012",5.18315541959518
"ES","2012",14.2194299215595
"FI","2012",3.32495148193146
"FR","2012",11.0399600610344
"GB","2012",9.02674833830587
"GR","2012",14.9449562471314
"HR","2012",12.0195316438865
"HU","2012",11.3030755538703
"IE","2012",9.39088080433481
"IT","2012",14.6936757232775
"LT","2012",6.34231022997883
"LU","2012",8.96372247128905
"LV","2012",5.72671807352046
"MT","2012",0
"NL","2012",9.97223198957731
"PL","2012",8.10154282457345
"PT","2012",15.0620019475658
"RO","2012",10.6644872336417
"SE","2012",5.71730518544385
"SI","2012",10.04360407666
"SK","2012",9.12546502393783
"AT","2013",8.36980863495737
"BE","2013",9.3440376654153
"BG","2013",11.7862549827753
"CY","2013",19.0483812691211
"CZ","2013",7.67379506912164
"DE","2013",8.53537838242349
"DK","2013",8.0622432830297
"EE","2013",6.43658238766778
"ES","2013",13.8892645758465
"FI","2013",4.76354521190253
"FR","2013",10.6173027133187
"GB","2013",9.03704056869747
"GR","2013",14.9910014473582
"HR","2013",11.5311393127024
"HU","2013",11.0314851921704
"IE","2013",9.45517796700111
"IT","2013",14.3300903783949
"LT","2013",7.00297854478431
"LU","2013",8.43819858053301
"LV","2013",6.57419197720214
"MT","2013",0
"NL","2013",9.49503162707296
"PL","2013",8.16590606473619
"PT","2013",15.1640306415684
"RO","2013",10.6898556154528
"SE","2013",6.07065011431875
"SI","2013",9.56349207540186
"SK","2013",8.98112923402141
"AT","2014",9.54957540414593
"BE","2014",11.1063197217544
"BG","2014",11.5684097205396
"CY","2014",19.1760791091324
"CZ","2014",9.18376504102121
"DE","2014",10.2274141020775
"DK","2014",9.74557224743111
"EE","2014",6.65917603873302
"ES","2014",14.8329631987931
"FI","2014",5.16754003462778
"FR","2014",11.8655601243604
"GB","2014",10.2614982041759
"GR","2014",14.7206989198567
"HR","2014",12.386668012234
"HU","2014",11.8852051860649
"IE","2014",9.98125741195424
"IT","2014",14.9090463023307
"LT","2014",7.49143015329221
"LU","2014",10.146756467006
"LV","2014",6.91772771376747
"MT","2014",0
"NL","2014",11.4236950061043
"PL","2014",9.29823493333887
"PT","2014",15.4181689038839
"RO","2014",10.88964788893
"SE","2014",7.42427078828712
"SI","2014",10.6267973732353
"SK","2014",10.0805374735413
"AT","2015",9.54060799320249
"BE","2015",10.4242416292155
"BG","2015",11.9744189846319
"CY","2015",18.8540167888577
"CZ","2015",9.14567483707204
"DE","2015",9.76471143717164
"DK","2015",8.83630859315113
"EE","2015",7.19622658679283
"ES","2015",14.8601106985738
"FI","2015",5.51462477843587
"FR","2015",11.7114330377749
"GB","2015",9.60870341391531
"GR","2015",14.4398578374635
"HR","2015",12.1660762257725
"HU","2015",11.6501255731882
"IE","2015",9.44131078633125
"IT","2015",14.9519676082863
"LT","2015",7.84605607248052
"LU","2015",9.64633234705174
"LV","2015",7.40449314038815
"MT","2015",0
"NL","2015",10.5731097884434
"PL","2015",9.41034227600435
"PT","2015",15.7269031353606
"RO","2015",11.2956732312371
"SE","2015",7.03730591444996
"SI","2015",10.2532445861515
"SK","2015",9.75468601296984
"AT","2016",8.99337635259018
"BE","2016",10.223308974234
"BG","2016",11.8147106129596
"CY","2016",19.4298562145919
"CZ","2016",8.42072129565612
"DE","2016",9.4476607475387
"DK","2016",8.76551256046596
"EE","2016",6.26792138407446
"ES","2016",14.6061768237571
"FI","2016",4.43493447992086
"FR","2016",11.2524843459957
"GB","2016",9.55771120266877
"GR","2016",14.7787269349423
"HR","2016",11.8673711885252
"HU","2016",11.0299071164903
"IE","2016",9.62347863141894
"IT","2016",14.5835309339474
"LT","2016",7.14601210622492
"LU","2016",9.24585830109443
"LV","2016",6.6655076804528
"MT","2016",0
"NL","2016",10.4851591906577
"PL","2016",8.84097149173789
"PT","2016",15.50521543818
"RO","2016",10.7024422785694
"SE","2016",6.58336961604904
"SI","2016",9.92051820996297
"SK","2016",9.14500600724855
"AT","2017",8.92342051899734
"BE","2017",10.5951882818859
"BG","2017",11.511669967951
"CY","2017",18.841307006008
"CZ","2017",8.30655739143837
"DE","2017",9.40773053174991
"DK","2017",8.58576885101853
"EE","2017",6.08869849801105
"ES","2017",14.9953881361555
"FI","2017",4.26398997374822
"FR","2017",11.5245713364254
"GB","2017",9.86549259467415
"GR","2017",14.5977355408918
"HR","2017",12.0726315331522
"HU","2017",11.0422874504517
"IE","2017",9.91924081393833
"IT","2017",14.7407436711944
"LT","2017",7.01976071318224
"LU","2017",9.51586827641714
"LV","2017",6.42253917335298
"MT","2017",0
"NL","2017",10.6830231906543
"PL","2017",8.52707315121864
"PT","2017",16.1007976937939
"RO","2017",10.6286794966996
"SE","2017",6.50956319465838
"SI","2017",9.87731098852544
"SK","2017",8.90399754963914
